orderID,customerID,employeeID,orderDate,requiredDate,shippedDate,shipVia,freight,shipName,shipAddress,shipCity,shipRegion,shipPostalCode,shipCountry
10248,VINET,5,5/10/2024,5/21/2024,5/10/2024,3,32.38,Vins et alcools Chevalier,59 rue de l'Abbaye,Reims,France,51100,France
10249,TOMSP,6,6/23/2020,7/9/2020,6/28/2020,1,11.61,Toms SpezialitÃ¤ten,Luisenstr. 48,MÃ¼nster,Germany,44087,Germany
10250,HANAR,4,9/8/2021,9/16/2021,9/9/2021,2,65.83,Hanari Carnes,Rua do PaÃ§o 67,Rio de Janeiro,RJ,05454-876,Brazil
10251,VICTE,3,10/1/2020,10/11/2020,10/3/2020,1,41.34,Victuailles en stock 2, rue du Commerce,Lyon,France,69004,France
10252,SUPRD,4,2/11/2024,3/8/2024,2/14/2024,2,51.3,SuprÃªmes dÃ©lices,Boulevard Tirou 255,Charleroi,Belgium,B-6000,Belgium
10253,HANAR,3,12/20/2022,1/4/2023,12/21/2022,2,58.17,Hanari Carnes,Rua do PaÃ§o 67,Rio de Janeiro,RJ,05454-876,Brazil
10254,CHOPS,5,9/25/2023,10/21/2023,10/1/2023,2,22.98,Chop-suey Chinese,Hauptstr. 31,Bern,Switzerland,3012,Switzerland
10255,RICSU,9,7/27/2023,8/24/2023,7/27/2023,3,148.33,Richter Supermarkt,Starenweg 5,GenÃ¨ve,Switzerland,1204,Switzerland
10256,WELLI,3,7/19/2024,8/4/2024,7/25/2024,2,13.97,Wellington Importadora,Rua do Mercado 12,Resende,SP,08737-363,Brazil
10257,HILAA,4,9/29/2021,10/17/2021,10/2/2021,3,81.91,HILARION-Abastos,Carrera 22 con Ave. Carlos Soublette #8-35,San CristÃ³bal,TÃ¡chira,5022,Venezuela
10258,ERNSH,1,2/23/2020,3/14/2020,3/1/2020,1,140.51,Ernst Handel,Kirchgasse 6,Graz,Austria,8010,Austria
10259,CENTC,4,1/23/2022,2/18/2022,1/24/2022,3,3.25,Centro comercial Moctezuma,Sierras de Granada 9993,MÃ©xico D.F.,Mexico,5022,Mexico
10260,OTTIK,4,2/19/2024,3/18/2024,2/22/2024,1,55.09,Ottilies KÃ¤seladen,Mehrheimerstr. 369,KÃ¶ln,Germany,50739,Germany
10261,QUEDE,4,10/4/2021,10/25/2021,10/10/2021,2,3.05,Que DelÃ­cia,Rua da Panificadora 12,Rio de Janeiro,RJ,02389-673,Brazil
10262,RATTC,8,12/12/2024,12/31/2024,12/19/2024,3,48.29,Rattlesnake Canyon Grocery,2817 Milton Dr.,Albuquerque,NM,87110,USA
10263,ERNSH,9,5/18/2022,6/10/2022,5/25/2022,3,146.06,Ernst Handel,Kirchgasse 6,Graz,Austria,8010,Austria
10264,FOLKO,6,3/21/2020,4/5/2020,3/28/2020,3,3.67,Folk och fÃ¤ HB,Ã…kergatan 24,BrÃ¤cke,Sweden,S-844 67,Sweden
10265,BLONP,2,8/20/2024,9/19/2024,8/26/2024,1,55.28,Blondel pÃ¨re et fils 24, place KlÃ©ber,Strasbourg,France,67000,France
10266,WARTH,3,3/22/2024,3/29/2024,3/22/2024,3,25.73,Wartian Herkku,Torikatu 38,Oulu,Finland,90110,Finland
10267,FRANK,4,6/15/2024,7/14/2024,6/20/2024,1,208.58,Frankenversand,Berliner Platz 43,MÃ¼nchen,Germany,80805,Germany
10268,GROSR,8,8/23/2023,9/5/2023,8/24/2023,3,66.29,GROSELLA-Restaurante,5Âª Ave. Los Palos Grandes,Caracas,DF,1081,Venezuela
10269,WHITC,5,8/20/2021,9/8/2021,8/24/2021,1,4.56,White Clover Markets,1029 - 12th Ave. S.,Seattle,WA,98124,USA
10270,WARTH,1,8/8/2022,8/15/2022,8/9/2022,1,136.54,Wartian Herkku,Torikatu 38,Oulu,Finland,90110,Finland
10271,SPLIR,6,3/9/2020,3/16/2020,3/10/2020,2,4.54,Split Rail Beer & Ale,P.O. Box 555,Lander,WY,82520,USA
10272,RATTC,6,11/26/2021,12/12/2021,11/30/2021,2,98.03,Rattlesnake Canyon Grocery,2817 Milton Dr.,Albuquerque,NM,87110,USA
10273,QUICK,3,10/17/2023,10/24/2023,10/21/2023,3,76.07,QUICK-Stop,TaucherstraÃŸe 10,Cunewalde,Germany,1307,Germany
10274,VINET,6,6/8/2023,6/18/2023,6/14/2023,1,6.01,Vins et alcools Chevalier,59 rue de l'Abbaye,Reims,France,51100,France
10275,MAGAA,1,7/30/2022,8/29/2022,8/4/2022,1,26.93,Magazzini Alimentari Riuniti,Via Ludovico il Moro 22,Bergamo,Italy,24100,Italy
10276,TORTU,8,2/11/2024,2/27/2024,2/17/2024,3,13.84,Tortuga Restaurante,Avda. Azteca 123,MÃ©xico D.F.,Mexico,5033,Mexico
10277,MORGK,2,1/4/2022,1/21/2022,1/8/2022,3,125.77,Morgenstern Gesundkost,Heerstr. 22,Leipzig,Germany,4179,Germany
10278,BERGS,8,3/21/2024,3/29/2024,3/28/2024,2,92.69,Berglunds snabbkÃ¶p,BerguvsvÃ¤gen  8,LuleÃ¥,Sweden,S-958 22,Sweden
10279,LEHMS,8,9/17/2021,10/5/2021,9/23/2021,2,25.83,Lehmanns Marktstand,Magazinweg 7,Frankfurt a.M.,Germany,60528,Germany
10280,BERGS,2,6/7/2022,6/23/2022,6/13/2022,1,8.98,Berglunds snabbkÃ¶p,BerguvsvÃ¤gen  8,LuleÃ¥,Sweden,S-958 22,Sweden
10281,ROMEY,4,9/13/2022,9/29/2022,9/18/2022,1,2.94,Romero y tomillo,Gran VÃ­a 1,Madrid,Spain,28001,Spain
10282,ROMEY,4,12/12/2022,12/19/2022,12/17/2022,1,12.69,Romero y tomillo,Gran VÃ­a 1,Madrid,Spain,28001,Spain
10283,LILAS,3,2/6/2023,2/21/2023,2/10/2023,3,84.81,LILA-Supermercado,Carrera 52 con Ave. BolÃ­var #65-98 Llano Largo,Barquisimeto,Lara,3508,Venezuela
10284,LEHMS,4,9/19/2021,10/19/2021,9/22/2021,1,76.56,Lehmanns Marktstand,Magazinweg 7,Frankfurt a.M.,Germany,60528,Germany
10285,QUICK,1,12/21/2023,1/19/2024,12/24/2023,2,76.83,QUICK-Stop,TaucherstraÃŸe 10,Cunewalde,Germany,1307,Germany
10286,QUICK,8,3/28/2021,4/21/2021,3/30/2021,3,229.24,QUICK-Stop,TaucherstraÃŸe 10,Cunewalde,Germany,1307,Germany
10287,RICAR,8,4/24/2024,5/11/2024,4/26/2024,3,12.76,Ricardo Adocicados,Av. Copacabana 267,Rio de Janeiro,RJ,02389-890,Brazil
10288,REGGC,4,1/29/2023,2/23/2023,1/31/2023,1,7.45,Reggiani Caseifici,Strada Provinciale 124,Reggio Emilia,Italy,42100,Italy
10289,BSBEV,7,10/6/2022,10/29/2022,10/12/2022,3,22.77,B's Beverages,Fauntleroy Circus,London,UK,EC2 5NT,UK
10290,COMMI,8,7/9/2021,7/19/2021,7/9/2021,1,79.7,ComÃ©rcio Mineiro,Av. dos LusÃ­adas 23,Sao Paulo,SP,05432-043,Brazil
10291,QUEDE,6,6/7/2021,7/2/2021,6/12/2021,2,6.4,Que DelÃ­cia,Rua da Panificadora 12,Rio de Janeiro,RJ,02389-673,Brazil
10292,TRADH,1,1/7/2023,1/16/2023,1/7/2023,2,1.35,TradiÃ§ao Hipermercados,Av. InÃªs de Castro 414,Sao Paulo,SP,05634-030,Brazil
10293,TORTU,1,12/1/2023,12/17/2023,12/7/2023,3,21.18,Tortuga Restaurante,Avda. Azteca 123,MÃ©xico D.F.,Mexico,5033,Mexico
10294,RATTC,4,1/13/2022,1/22/2022,1/20/2022,2,147.26,Rattlesnake Canyon Grocery,2817 Milton Dr.,Albuquerque,NM,87110,USA
10295,VINET,2,4/20/2022,5/18/2022,4/27/2022,2,1.15,Vins et alcools Chevalier,59 rue de l'Abbaye,Reims,France,51100,France
10296,LILAS,6,6/3/2021,6/28/2021,6/5/2021,1,0.12,LILA-Supermercado,Carrera 52 con Ave. BolÃ­var #65-98 Llano Largo,Barquisimeto,Lara,3508,Venezuela
10297,BLONP,5,10/14/2022,11/10/2022,10/21/2022,2,5.74,Blondel pÃ¨re et fils,24  place KlÃ©ber,Strasbourg,France,67000,France
10298,HUNGO,6,12/25/2022,1/22/2023,12/26/2022,2,168.22,Hungry Owl All-Night Grocers,8 Johnstown Road,Cork,Co. Cork,Ireland,Ireland
10299,RICAR,4,12/17/2024,1/1/2025,12/22/2024,2,29.76,Ricardo Adocicados,Av. Copacabana 267,Rio de Janeiro,RJ,02389-890,Brazil
10300,MAGAA,2,11/18/2020,11/29/2020,11/25/2020,2,17.68,Magazzini Alimentari Riuniti,Via Ludovico il Moro 22,Bergamo,Italy,24100,Italy
10301,WANDK,8,10/11/2020,11/5/2020,10/14/2020,2,45.08,Die Wandernde Kuh,Adenauerallee 900,Stuttgart,Germany,70563,Germany
10302,SUPRD,4,8/10/2024,9/4/2024,8/13/2024,2,6.27,SuprÃªmes dÃ©lices,Boulevard Tirou 255,Charleroi,Belgium,B-6000,Belgium
10303,GODOS,7,7/27/2024,8/21/2024,8/2/2024,2,107.83,Godos Cocina TÃ­pica,C/ Romero 33,Sevilla,Spain,41101,Spain
10304,TORTU,1,8/9/2023,8/30/2023,8/12/2023,2,63.79,Tortuga Restaurante,Avda. Azteca 123,MÃ©xico D.F.,Mexico,5033,Mexico
10305,OLDWO,8,1/30/2024,2/16/2024,1/30/2024,3,257.62,Old World Delicatessen,2743 Bering St.,Anchorage,AK,99508,USA
10306,ROMEY,1,1/26/2021,2/8/2021,1/27/2021,3,7.56,Romero y tomillo,Gran VÃ­a 1,Madrid,Spain,28001,Spain
10307,LONEP,2,6/29/2024,7/26/2024,6/30/2024,2,0.56,Lonesome Pine Restaurant,89 Chiaroscuro Rd.,Portland,OR,97219,USA
10308,ANATR,7,6/18/2021,7/13/2021,6/25/2021,3,1.61,Ana Trujillo Emparedados y helados,Avda. de la ConstituciÃ³n 2222,MÃ©xico D.F.,Mexico,5021,Mexico
10309,HUNGO,3,3/19/2023,3/29/2023,3/19/2023,1,47.3,Hungry Owl All-Night Grocers,8 Johnstown Road,Cork,Co. Cork,T12,Ireland
10310,THEBI,8,11/23/2023,12/9/2023,11/25/2023,2,17.52,The Big Cheese,89 Jefferson Way Suite 2,Portland,OR,97201,USA
10311,DUMON,1,7/5/2023,7/27/2023,7/11/2023,3,24.69,Du monde entier,67  rue des Cinquante Otages,Nantes,France,44000,France
10312,WANDK,2,8/2/2023,8/26/2023,8/3/2023,2,40.26,Die Wandernde Kuh,Adenauerallee 900,Stuttgart,Germany,70563,Germany
10313,QUICK,2,1/9/2022,1/28/2022,1/9/2022,2,1.96,QUICK-Stop,TaucherstraÃŸe 10,Cunewalde,Germany,1307,Germany
10314,RATTC,1,12/17/2021,1/4/2022,12/20/2021,2,74.16,Rattlesnake Canyon Grocery,2817 Milton Dr.,Albuquerque,NM,87110,USA
10315,ISLAT,4,9/25/2021,10/19/2021,9/30/2021,2,41.76,Island Trading,Garden House Crowther Way,Cowes,Isle of Wight,PO31 7PJ,UK
10316,RATTC,1,11/11/2022,12/5/2022,11/11/2022,3,150.15,Rattlesnake Canyon Grocery,2817 Milton Dr.,Albuquerque,NM,87110,USA
10317,LONEP,6,10/15/2023,11/13/2023,10/18/2023,1,12.69,Lonesome Pine Restaurant,89 Chiaroscuro Rd.,Portland,OR,97219,USA
10318,ISLAT,8,7/16/2023,8/2/2023,7/23/2023,2,4.73,Island Trading,Garden House Crowther Way,Cowes,Isle of Wight,PO31 7PJ,UK
10319,TORTU,7,2/3/2021,2/22/2021,2/9/2021,3,64.5,Tortuga Restaurante,Avda. Azteca 123,MÃ©xico D.F.,Mexico,5033,Mexico
10320,WARTH,5,4/29/2024,5/21/2024,5/4/2024,3,34.57,Wartian Herkku,Torikatu 38,Oulu,Finland,90110,Finland
10321,ISLAT,3,12/4/2024,12/22/2024,12/10/2024,2,3.43,Island Trading,Garden House Crowther Way,Cowes,Isle of Wight,PO31 7PJ,UK
10322,PERIC,7,9/10/2022,9/23/2022,9/17/2022,3,0.4,Pericles Comidas clÃ¡sicas,Calle Dr. Jorge Cash 321,MÃ©xico D.F.,Mexico,5033,Mexico
10323,KOENE,4,1/18/2020,2/2/2020,1/21/2020,1,4.88,KÃ¶niglich Essen,Maubelstr. 90,Brandenburg,Germany,14776,Germany
10324,SAVEA,9,1/2/2023,1/22/2023,1/2/2023,1,214.27,Save-a-lot Markets,187 Suffolk Ln.,Boise,ID,83720,USA
10325,KOENE,1,6/23/2023,7/6/2023,6/29/2023,3,64.86,KÃ¶niglich Essen,Maubelstr. 90,Brandenburg,Germany,14776,Germany
10326,BOLID,4,8/5/2024,8/16/2024,8/7/2024,2,77.92,BÃ³lido Comidas preparadas,C/ Araquil 67,Madrid,Spain,28023,Spain
10327,FOLKO,2,7/4/2020,7/30/2020,7/5/2020,1,63.36,Folk och fÃ¤ HB,Ã…kergatan 24,BrÃ¤cke,Sweden,S-844 67,Sweden
10328,FURIB,4,1/25/2022,2/5/2022,1/25/2022,3,87.03,Furia Bacalhau e Frutos do Mar,Jardim das rosas n. 32,Lisboa,Portugal,1675,Portugal
10329,SPLIR,4,10/16/2023,10/24/2023,10/22/2023,2,191.67,Split Rail Beer & Ale,P.O. Box 555,Lander,WY,82520,USA
10330,LILAS,3,11/28/2021,12/21/2021,11/29/2021,1,12.75,LILA-Supermercado,Carrera 52 con Ave. BolÃ­var #65-98 Llano Largo,Barquisimeto,Lara,3508,Venezuela
10331,BONAP,9,2/21/2021,3/9/2021,2/26/2021,1,10.19,Bon app',12  rue des Bouchers,Marseille,France,13008,France
10332,MEREP,3,4/1/2024,4/17/2024,4/4/2024,2,52.84,MÃ¨re Paillarde,43 rue St. Laurent,MontrÃ©al,QuÃ©bec,H1J 1C3,Canada
10333,WARTH,5,6/28/2020,7/24/2020,7/3/2020,3,0.59,Wartian Herkku,Torikatu 38,Oulu,Finland,90110,Finland
10334,VICTE,8,1/3/2023,1/17/2023,1/6/2023,2,8.56,Victuailles en stock, 2  rue du Commerce,Lyon,France,69004,France
10335,HUNGO,7,3/12/2020,4/3/2020,3/17/2020,2,42.11,Hungry Owl All-Night Grocers,8 Johnstown Road,Cork,Co. Cork,T13,Ireland
10336,PRINI,7,6/14/2021,7/14/2021,6/14/2021,2,15.51,Princesa Isabel Vinhos,Estrada da saÃºde n. 58,Lisboa,Portugal,1756,Portugal
10337,FRANK,4,5/21/2021,6/11/2021,5/26/2021,3,108.26,Frankenversand,Berliner Platz 43,MÃ¼nchen,Germany,80805,Germany
10338,OLDWO,4,6/6/2023,6/21/2023,6/7/2023,3,84.21,Old World Delicatessen,2743 Bering St.,Anchorage,AK,99508,USA
10339,MEREP,2,4/24/2022,5/23/2022,4/26/2022,2,15.66,MÃ¨re Paillarde,43 rue St. Laurent,MontrÃ©al,QuÃ©bec,H1J 1C3,Canada
10340,BONAP,1,5/3/2024,5/15/2024,5/7/2024,3,166.31,Bon app',12  rue des Bouchers,Marseille,France,13008,France
10341,SIMOB,7,2/18/2021,3/5/2021,2/24/2021,3,26.78,Simons bistro,VinbÃ¦ltet 34,Kobenhavn,Denmark,1734,Denmark
10342,FRANK,4,4/29/2024,5/8/2024,4/30/2024,2,54.83,Frankenversand,Berliner Platz 43,MÃ¼nchen,Germany,80805,Germany
10343,LEHMS,4,8/18/2024,9/10/2024,8/25/2024,1,110.37,Lehmanns Marktstand,Magazinweg 7,Frankfurt a.M.,Germany,60528,Germany
10344,WHITC,4,6/11/2022,6/26/2022,6/13/2022,2,23.29,White Clover Markets,1029 - 12th Ave. S.,Seattle,WA,98124,USA
10345,QUICK,2,11/8/2024,11/18/2024,11/9/2024,2,249.06,QUICK-Stop,TaucherstraÃŸe 10,Cunewalde,Germany,1307,Germany
10346,RATTC,3,2/24/2024,3/11/2024,3/1/2024,3,142.08,Rattlesnake Canyon Grocery,2817 Milton Dr.,Albuquerque,NM,87110,USA
10347,FAMIA,4,3/21/2023,4/7/2023,3/26/2023,3,3.1,Familia Arquibaldo,Rua OrÃ³s 92,Sao Paulo,SP,05442-030,Brazil
10348,WANDK,4,10/18/2020,11/14/2020,10/24/2020,2,0.78,Die Wandernde Kuh,Adenauerallee 900,Stuttgart,Germany,70563,Germany
10349,SPLIR,7,6/3/2023,6/30/2023,6/10/2023,1,8.63,Split Rail Beer & Ale,P.O. Box 555,Lander,WY,82520,USA
10350,LAMAI,6,4/22/2020,5/21/2020,4/25/2020,2,64.19,La maison d'Asie,1 rue Alsace-Lorraine,Toulouse,France,31000,France
10351,ERNSH,1,5/16/2021,5/29/2021,5/18/2021,1,162.33,Ernst Handel,Kirchgasse 6,Graz,Austria,8010,Austria
10352,FURIB,3,2/9/2022,2/27/2022,2/9/2022,3,1.3,Furia Bacalhau e Frutos do Mar,Jardim das rosas n. 32,Lisboa,Portugal,1675,Portugal
10353,PICCO,7,8/30/2022,9/24/2022,9/1/2022,3,360.63,Piccolo und mehr,Geislweg 14,Salzburg,Austria,5020,Austria
10354,PERIC,8,5/24/2022,5/31/2022,5/31/2022,3,53.8,Pericles Comidas clÃ¡sicas,Calle Dr. Jorge Cash 321,MÃ©xico D.F.,Mexico,5033,Mexico
10355,AROUT,6,11/3/2024,11/21/2024,11/4/2024,1,41.95,Around the Horn,Brook Farm Stratford St. Mary,Colchester,Essex,CO7 6JX,UK
10356,WANDK,6,4/23/2022,5/2/2022,4/29/2022,2,36.71,Die Wandernde Kuh,Adenauerallee 900,Stuttgart,Germany,70563,Germany
10357,LILAS,1,8/25/2024,9/13/2024,8/31/2024,3,34.88,LILA-Supermercado,Carrera 52 con Ave. BolÃ­var #65-98 Llano Largo,Barquisimeto,Lara,3508,Venezuela
10358,LAMAI,5,11/19/2021,12/18/2021,11/22/2021,1,19.64,La maison d'Asie,1 rue Alsace-Lorraine,Toulouse,France,31000,France
10359,SEVES,5,7/15/2020,7/23/2020,7/20/2020,3,288.43,Seven Seas Imports,90 Wadhurst Rd.,London,UK,OX15 4NB,UK
10360,BLONP,4,7/2/2021,7/14/2021,7/3/2021,3,131.7,Blondel pÃ¨re et fils,24  place KlÃ©ber,Strasbourg,France,67000,France
10361,QUICK,1,7/21/2021,8/17/2021,7/21/2021,2,183.17,QUICK-Stop,TaucherstraÃŸe 10,Cunewalde,Germany,1307,Germany
10362,BONAP,3,9/16/2023,10/2/2023,9/20/2023,1,96.04,Bon app',12  rue des Bouchers,Marseille,France,13008,France
10363,DRACD,4,2/7/2023,3/1/2023,2/7/2023,3,30.54,Drachenblut Delikatessen,Walserweg 21,Aachen,Germany,52066,Germany
10364,EASTC,1,1/20/2021,2/17/2021,1/27/2021,1,71.97,Eastern Connection,35 King George,London,UK,WX3 6FW,UK
10365,ANTON,3,9/20/2020,10/16/2020,9/27/2020,2,22,Antonio Moreno TaquerÃ­a,Mataderos  2312,MÃ©xico D.F.,Mexico,5023,Mexico
10366,GALED,8,11/29/2020,12/21/2020,12/1/2020,2,10.14,GalerÃ­a del gastronÃ³mo,Rambla de CataluÃ±a 23,Barcelona,Spain,8022,Spain
10367,VAFFE,7,4/8/2024,5/6/2024,4/8/2024,3,13.55,Vaffeljernet,Smagsloget 45,Ã…rhus,Denmark,8200,Denmark
10368,ERNSH,2,7/26/2022,8/9/2022,7/28/2022,2,101.95,Ernst Handel,Kirchgasse 6,Graz,Austria,8010,Austria
10369,SPLIR,8,4/21/2024,5/7/2024,4/25/2024,2,195.68,Split Rail Beer & Ale,P.O. Box 555,Lander,WY,82520,USA
10370,CHOPS,6,6/9/2024,7/9/2024,6/10/2024,2,1.17,Chop-suey Chinese,Hauptstr. 31,Bern,Switzerland,3012,Switzerland
10371,LAMAI,1,7/8/2020,7/22/2020,7/15/2020,1,0.45,La maison d'Asie,1 rue Alsace-Lorraine,Toulouse,France,31000,France
10372,QUEEN,5,8/23/2024,9/9/2024,8/26/2024,2,890.78,Queen Cozinha,Alameda dos CanÃ rios 891,Sao Paulo,SP,05487-020,Brazil
10373,HUNGO,4,2/10/2024,3/8/2024,2/14/2024,3,124.12,Hungry Owl All-Night Grocers,8 Johnstown Road,Cork,Co. Cork,T13,Ireland
10374,WOLZA,1,6/12/2023,6/21/2023,6/12/2023,3,3.94,Wolski Zajazd,ul. Filtrowa 68,Warszawa,Poland,01-012,Poland
10375,HUNGC,3,5/5/2021,5/16/2021,5/10/2021,2,20.12,Hungry Coyote Import Store,City Center Plaza 516 Main St.,Elgin,OR,97827,USA
10376,MEREP,1,2/1/2021,2/22/2021,2/8/2021,2,20.39,MÃ¨re Paillarde,43 rue St. Laurent,MontrÃ©al,QuÃ©bec,H1J 1C3,Canada
10377,SEVES,1,12/21/2022,12/30/2022,12/25/2022,3,22.21,Seven Seas Imports,90 Wadhurst Rd.,London,UK,OX15 4NB,UK
10378,FOLKO,5,2/20/2021,3/3/2021,2/20/2021,3,5.44,Folk och fÃ¤ HB,Ã…kergatan 24,BrÃ¤cke,Sweden,S-844 67,Sweden
10379,QUEDE,2,11/2/2022,11/20/2022,11/4/2022,1,45.03,Que DelÃ­cia,Rua da Panificadora 12,Rio de Janeiro,RJ,02389-673,Brazil
10380,HUNGO,8,9/28/2021,10/9/2021,10/2/2021,3,35.03,Hungry Owl All-Night Grocers,8 Johnstown Road,Cork,Co. Cork,T12,Ireland
10381,LILAS,3,1/13/2023,2/6/2023,1/20/2023,3,7.99,LILA-Supermercado,Carrera 52 con Ave. BolÃ­var #65-98 Llano Largo,Barquisimeto,Lara,3508,Venezuela
10382,ERNSH,4,5/27/2023,6/18/2023,6/1/2023,1,94.77,Ernst Handel,Kirchgasse 6,Graz,Austria,8010,Austria
10383,AROUT,8,2/15/2022,3/10/2022,2/20/2022,3,34.24,Around the Horn,Brook Farm Stratford St. Mary,Colchester,Essex,CO7 6JX,UK
10384,BERGS,3,1/26/2021,2/23/2021,1/28/2021,3,168.64,Berglunds snabbkÃ¶p,BerguvsvÃ¤gen  8,LuleÃ¥,Sweden,S-958 22,Sweden
10385,SPLIR,1,10/27/2021,11/16/2021,10/31/2021,2,30.96,Split Rail Beer & Ale,P.O. Box 555,Lander,WY,82520,USA
10386,FAMIA,9,7/12/2022,8/11/2022,7/17/2022,3,13.99,Familia Arquibaldo,Rua OrÃ³s 92,Sao Paulo,SP,05442-030,Brazil
10387,SANTG,1,6/22/2020,7/22/2020,6/27/2020,2,93.63,SantÃ© Gourmet,Erling Skakkes gate 78,Stavern,Norway,4110,Norway
10388,SEVES,2,12/8/2020,12/21/2020,12/14/2020,1,34.86,Seven Seas Imports,90 Wadhurst Rd.,London,UK,OX15 4NB,UK
10389,BOTTM,4,4/27/2022,5/27/2022,5/1/2022,2,47.42,Bottom-Dollar Markets,23 Tsawassen Blvd.,Tsawassen,BC,T2F 8M4,Canada
10390,ERNSH,6,3/26/2022,4/11/2022,3/27/2022,1,126.38,Ernst Handel,Kirchgasse 6,Graz,Austria,8010,Austria
10391,DRACD,3,12/8/2022,12/20/2022,12/9/2022,3,5.45,Drachenblut Delikatessen,Walserweg 21,Aachen,Germany,52066,Germany
10392,PICCO,2,8/27/2022,9/14/2022,9/3/2022,3,122.46,Piccolo und mehr,Geislweg 14,Salzburg,Venezuela,5020,Venezuela
10393,SAVEA,1,5/20/2021,6/9/2021,5/23/2021,3,126.56,Save-a-lot Markets,187 Suffolk Ln.,Boise,ID,83720,USA
10394,HUNGC,1,12/22/2020,1/10/2021,12/22/2020,3,30.34,Hungry Coyote Import Store,City Center Plaza 516 Main St.,Elgin,OR,97827,USA
10395,HILAA,6,6/11/2021,7/4/2021,6/11/2021,1,184.41,HILARION-Abastos,Carrera 22 con Ave. Carlos Soublette #8-35,San CristÃ³bal,TÃ¡chira,5022,Venezuela
10396,FRANK,1,11/2/2020,11/26/2020,11/4/2020,3,135.35,Frankenversand,Berliner Platz 43,MÃ¼nchen,Germany,80805,Germany
10397,PRINI,5,12/21/2020,1/7/2021,12/28/2020,1,60.26,Princesa Isabel Vinhos,Estrada da saÃºde n. 58,Lisboa,Portugal,1756,Portugal
10398,SAVEA,2,6/5/2023,6/15/2023,6/8/2023,3,89.16,Save-a-lot Markets,187 Suffolk Ln.,Boise,ID,83720,USA
10399,VAFFE,8,11/19/2024,12/9/2024,11/23/2024,3,27.36,Vaffeljernet,Smagsloget 45,Ã…rhus,Denmark,8200,Denmark
10400,EASTC,1,12/8/2020,12/21/2020,12/12/2020,3,83.93,Eastern Connection,35 King George,London,UK,WX3 6FW,UK
10401,RATTC,1,3/12/2020,3/22/2020,3/13/2020,1,12.51,Rattlesnake Canyon Grocery,2817 Milton Dr.,Albuquerque,NM,87110,USA
10402,ERNSH,8,2/17/2022,3/2/2022,2/17/2022,2,67.88,Ernst Handel,Kirchgasse 6,Graz,Austria,8010,Austria
10403,ERNSH,4,2/15/2022,3/12/2022,2/20/2022,3,73.79,Ernst Handel,Kirchgasse 6,Graz,Austria,8010,Austria
10404,MAGAA,2,11/13/2020,11/23/2020,11/18/2020,1,155.97,Magazzini Alimentari Riuniti,Via Ludovico il Moro 22,Bergamo,Italy,24100,Italy
10405,LINOD,1,3/9/2023,3/19/2023,3/16/2023,1,34.82,LINO-Delicateses,Ave. 5 de Mayo Porlamar,I. de Margarita,Nueva Esparta,4980,Venezuela
10406,QUEEN,7,3/31/2023,4/20/2023,4/5/2023,1,108.04,Queen Cozinha,Alameda dos CanÃ rios 891,Sao Paulo,SP,05487-020,Brazil
10407,OTTIK,2,6/28/2024,7/10/2024,6/28/2024,2,91.48,Ottilies KÃ¤seladen,Mehrheimerstr. 369,KÃ¶ln,Germany,50739,Germany
10408,FOLIG,8,6/12/2021,6/23/2021,6/13/2021,1,11.26,Folies gourmandes,184  chaussÃ©e de Tournai,Lille,France,59000,France
10409,OCEAN,3,10/6/2024,10/18/2024,10/10/2024,1,29.83,OcÃ©ano AtlÃ¡ntico Ltda.,Ing. Gustavo Moncada 8585 Piso 20-A,Buenos Aires,Argentina,1010,Argentina
10410,BOTTM,3,3/22/2021,3/29/2021,3/25/2021,3,2.4,Bottom-Dollar Markets,23 Tsawassen Blvd.,Tsawassen,BC,T2F 8M4,Canada
10411,BOTTM,9,10/10/2021,10/24/2021,10/12/2021,3,23.65,Bottom-Dollar Markets,23 Tsawassen Blvd.,Tsawassen,BC,T2F 8M4,Canada
10412,WARTH,8,11/13/2020,11/29/2020,11/15/2020,2,3.77,Wartian Herkku,Torikatu 38,Oulu,Finland,90110,Finland
10413,LAMAI,3,3/11/2022,4/9/2022,3/12/2022,2,95.66,La maison d'Asie,1 rue Alsace-Lorraine,Toulouse,France,31000,France
10414,FAMIA,2,7/18/2020,8/11/2020,7/25/2020,3,21.48,Familia Arquibaldo,Rua OrÃ³s 92,Sao Paulo,SP,05442-030,Brazil
10415,HUNGC,3,11/20/2023,12/15/2023,11/26/2023,1,0.2,Hungry Coyote Import Store,City Center Plaza 516 Main St.,Elgin,OR,97827,USA
10416,WARTH,8,11/29/2024,12/6/2024,12/3/2024,3,22.72,Wartian Herkku,Torikatu 38,Oulu,Finland,90110,Finland
10417,SIMOB,4,9/20/2022,10/14/2022,9/21/2022,3,70.29,Simons bistro,VinbÃ¦ltet 34,Kobenhavn,Denmark,1734,Denmark
10418,QUICK,4,11/5/2021,11/30/2021,11/11/2021,1,17.55,QUICK-Stop,TaucherstraÃŸe 10,Cunewalde,Germany,1307,Germany
10419,RICSU,4,6/6/2023,6/26/2023,6/9/2023,2,137.35,Richter Supermarkt,Starenweg 5,GenÃ¨ve,Switzerland,1204,Switzerland
10420,WELLI,3,9/24/2020,10/11/2020,9/26/2020,1,44.12,Wellington Importadora,Rua do Mercado 12,Resende,SP,08737-363,Brazil
10421,QUEDE,8,9/9/2021,9/29/2021,9/14/2021,1,99.23,Que DelÃ­cia,Rua da Panificadora 12,Rio de Janeiro,RJ,02389-673,Brazil
10422,FRANS,2,9/11/2020,10/1/2020,9/16/2020,1,3.02,Franchi S.p.A.,Via Monte Bianco 34,Torino,Italy,10100,Italy
10423,GOURL,6,7/28/2022,8/4/2022,7/28/2022,3,24.5,Gourmet Lanchonetes,Av. Brasil 442,Campinas,SP,04876-786,Brazil
10424,MEREP,7,11/1/2024,11/29/2024,11/3/2024,2,370.61,MÃ¨re Paillarde,43 rue St. Laurent,MontrÃ©al,QuÃ©bec,H1J 1C3,Canada
10425,LAMAI,6,1/22/2024,2/19/2024,1/22/2024,2,7.93,La maison d'Asie,1 rue Alsace-Lorraine,Toulouse,France,31000,France
10426,GALED,4,10/23/2020,11/1/2020,10/29/2020,1,18.69,GalerÃ­a del gastronÃ³mo,Rambla de CataluÃ±a 23,Barcelona,Spain,8022,Spain
10427,PICCO,4,12/14/2022,1/12/2023,12/18/2022,2,31.29,Piccolo und mehr,Geislweg 14,Salzburg,Austria,5020,Austria
10428,REGGC,7,12/22/2022,1/14/2023,12/29/2022,1,11.09,Reggiani Caseifici,Strada Provinciale 124,Reggio Emilia,Italy,42100,Italy
10429,HUNGO,3,10/23/2024,11/21/2024,10/23/2024,2,56.63,Hungry Owl All-Night Grocers,8 Johnstown Road,Cork,Co. Cork,T13,Ireland
10430,ERNSH,4,12/16/2024,1/2/2025,12/17/2024,1,458.78,Ernst Handel,Kirchgasse 6,Graz,Austria,8010,Austria
10431,BOTTM,4,1/17/2024,1/29/2024,1/17/2024,2,44.17,Bottom-Dollar Markets,23 Tsawassen Blvd.,Tsawassen,BC,T2F 8M4,Canada
10432,SPLIR,3,4/23/2022,5/8/2022,4/28/2022,2,4.34,Split Rail Beer & Ale,P.O. Box 555,Lander,WY,82520,USA
10433,PRINI,3,12/9/2024,1/1/2025,12/9/2024,3,73.83,Princesa Isabel Vinhos,Estrada da saÃºde n. 58,Lisboa,Portugal,1756,Portugal
10434,FOLKO,3,2/4/2021,2/20/2021,2/6/2021,2,17.92,Folk och fÃ¤ HB,Ã…kergatan 24,BrÃ¤cke,Sweden,S-844 67,Sweden
10435,CONSH,8,4/15/2020,5/5/2020,4/22/2020,2,9.21,Consolidated Holdings,Berkeley Gardens 12  Brewery,London,UK,WX1 6LT,UK
10436,BLONP,3,9/24/2021,10/10/2021,9/27/2021,2,156.66,Blondel pÃ¨re et fils,24  place KlÃ©ber,Strasbourg,France,67000,France
10437,WARTH,8,7/18/2023,8/10/2023,7/23/2023,1,19.97,Wartian Herkku,Torikatu 38,Oulu,Finland,90110,Finland
10438,TOMSP,3,6/30/2024,7/27/2024,7/5/2024,2,8.24,Toms SpezialitÃ¤ten,Luisenstr. 48,MÃ¼nster,Germany,44087,Germany
10439,MEREP,6,9/25/2020,10/19/2020,10/1/2020,3,4.07,MÃ¨re Paillarde,43 rue St. Laurent,MontrÃ©al,QuÃ©bec,H1J 1C3,Canada
10440,SAVEA,4,8/31/2020,9/30/2020,9/3/2020,2,86.53,Save-a-lot Markets,187 Suffolk Ln.,Boise,ID,83720,USA
10441,OLDWO,3,3/21/2021,4/10/2021,3/25/2021,2,73.02,Old World Delicatessen,2743 Bering St.,Anchorage,AK,99508,USA
10442,ERNSH,3,8/8/2023,9/7/2023,8/11/2023,2,47.94,Ernst Handel,Kirchgasse 6,Graz,Austria,8010,Austria
10443,REGGC,8,5/13/2021,5/24/2021,5/20/2021,1,13.95,Reggiani Caseifici,Strada Provinciale 124,Reggio Emilia,Italy,42100,Italy
10444,BERGS,3,7/23/2023,8/7/2023,7/23/2023,3,3.5,Berglunds snabbkÃ¶p,BerguvsvÃ¤gen  8,LuleÃ¥,Sweden,S-958 22,Sweden
10445,BERGS,3,6/8/2024,6/17/2024,6/8/2024,1,9.3,Berglunds snabbkÃ¶p,BerguvsvÃ¤gen  8,LuleÃ¥,Sweden,S-958 22,Sweden
10446,TOMSP,6,1/28/2022,2/7/2022,2/2/2022,1,14.68,Toms SpezialitÃ¤ten,Luisenstr. 48,MÃ¼nster,Germany,44087,Germany
10447,RICAR,4,2/25/2020,3/20/2020,3/1/2020,2,68.66,Ricardo Adocicados,Av. Copacabana 267,Rio de Janeiro,RJ,02389-890,Brazil
10448,RANCH,4,6/4/2021,6/21/2021,6/9/2021,2,38.82,Rancho grande,Av. del Libertador 900,Buenos Aires,Argentina,1010,Argentina
10449,BLONP,3,12/4/2020,12/27/2020,12/7/2020,2,53.3,Blondel pÃ¨re et fils 24, place KlÃ©ber,Strasbourg,France,67000,France
10450,VICTE,8,11/14/2020,12/4/2020,11/20/2020,2,7.23,Victuailles en stock 2, rue du Commerce,Lyon,France,69004,France
10451,QUICK,4,6/30/2020,7/17/2020,6/30/2020,3,189.09,QUICK-Stop,TaucherstraÃŸe 10,Cunewalde,Germany,1307,Germany
10452,SAVEA,8,4/30/2023,5/23/2023,5/1/2023,1,140.26,Save-a-lot Markets,187 Suffolk Ln.,Boise,ID,83720,USA
10453,AROUT,1,1/20/2021,2/6/2021,1/22/2021,2,25.36,Around the Horn,Brook Farm Stratford St. Mary,Colchester,Essex,CO7 6JX,UK
10454,LAMAI,4,6/24/2020,7/12/2020,6/28/2020,3,2.74,La maison d'Asie,1 rue Alsace-Lorraine,Toulouse,France,31000,France
10455,WARTH,8,6/3/2024,6/20/2024,6/10/2024,2,180.45,Wartian Herkku,Torikatu 38,Oulu,Finland,90110,Finland
10456,KOENE,8,11/29/2020,12/12/2020,12/4/2020,2,8.12,KÃ¶niglich Essen,Maubelstr. 90,Brandenburg,Germany,14776,Germany
10457,KOENE,2,10/25/2022,11/13/2022,10/31/2022,1,11.57,KÃ¶niglich Essen,Maubelstr. 90,Brandenburg,Germany,14776,Germany
10458,SUPRD,7,6/24/2021,7/8/2021,6/25/2021,3,147.06,SuprÃªmes dÃ©lices,Boulevard Tirou 255,Charleroi,Belgium,B-6000,Belgium
10459,VICTE,4,9/14/2024,10/13/2024,9/20/2024,2,25.09,Victuailles en stock 2, rue du Commerce,Lyon,France,69004,France
10460,FOLKO,8,7/2/2024,7/24/2024,7/8/2024,1,16.27,Folk och fÃ¤ HB,Ã…kergatan 24,BrÃ¤cke,Sweden,S-844 67,Sweden
10461,LILAS,1,12/23/2020,1/7/2021,12/25/2020,3,148.61,LILA-Supermercado,Carrera 52 con Ave. BolÃ­var #65-98 Llano Largo,Barquisimeto,Lara,3508,Venezuela
10462,CONSH,2,7/1/2024,7/20/2024,7/8/2024,1,6.17,Consolidated Holdings,Berkeley Gardens 12  Brewery,London,UK,WX1 6LT,UK
10463,SUPRD,5,7/5/2023,8/3/2023,7/5/2023,3,14.78,SuprÃªmes dÃ©lices,Boulevard Tirou 255,Charleroi,Belgium,B-6000,Belgium
10464,FURIB,4,3/3/2024,4/1/2024,3/4/2024,2,89,Furia Bacalhau e Frutos do Mar,Jardim das rosas n. 32,Lisboa,Portugal,1675,Portugal
10465,VAFFE,1,11/23/2023,12/1/2023,11/29/2023,3,145.04,Vaffeljernet,Smagsloget 45,Ã…rhus,Denmark,8200,Denmark
10466,COMMI,4,8/14/2024,9/12/2024,8/20/2024,1,11.93,ComÃ©rcio Mineiro,Av. dos LusÃ­adas 23,Sao Paulo,SP,05432-043,Brazil
10467,MAGAA,8,1/15/2023,2/4/2023,1/15/2023,2,4.93,Magazzini Alimentari Riuniti,Via Ludovico il Moro 22,Bergamo,Italy,24100,Italy
10468,KOENE,3,12/27/2022,1/26/2023,12/27/2022,3,44.12,KÃ¶niglich Essen,Maubelstr. 90,Brandenburg,Germany,14776,Germany
10469,WHITC,1,10/12/2022,11/2/2022,10/16/2022,1,60.18,White Clover Markets,1029 - 12th Ave. S.,Seattle,WA,98124,USA
10470,BONAP,4,7/21/2021,8/16/2021,7/25/2021,2,64.56,Bon app' 12, rue des Bouchers,Marseille,France,13008,France
10471,BSBEV,2,3/16/2024,4/10/2024,3/23/2024,3,45.59,B's Beverages,Fauntleroy Circus,London,UK,EC2 5NT,UK
10472,SEVES,8,10/20/2024,11/7/2024,10/22/2024,1,4.2,Seven Seas Imports,90 Wadhurst Rd.,London,UK,OX15 4NB,UK
10473,ISLAT,1,11/4/2020,11/14/2020,11/8/2020,3,16.37,Island Trading,Garden House Crowther Way,Cowes,Isle of Wight,PO31 7PJ,UK
10474,PERIC,5,8/31/2021,9/13/2021,9/3/2021,2,83.49,Pericles Comidas clÃ¡sicas,Calle Dr. Jorge Cash 321,MÃ©xico D.F.,Mexico,5033,Mexico
10475,SUPRD,9,1/12/2021,1/26/2021,1/16/2021,1,68.52,SuprÃªmes dÃ©lices,Boulevard Tirou 255,Charleroi,Belgium,B-6000,Belgium
10476,HILAA,8,7/27/2021,8/14/2021,7/27/2021,3,4.41,HILARION-Abastos,Carrera 22 con Ave. Carlos Soublette #8-35,San CristÃ³bal,TÃ¡chira,5022,Venezuela
10477,PRINI,5,7/29/2024,8/15/2024,8/4/2024,2,13.02,Princesa Isabel Vinhos,Estrada da saÃºde n. 58,Lisboa,Portugal,1756,Portugal
10478,VICTE,2,9/20/2020,10/9/2020,9/22/2020,3,4.81,Victuailles en stock 2, rue du Commerce,Lyon,France,69004,France
10479,RATTC,3,1/2/2020,1/24/2020,1/5/2020,3,708.95,Rattlesnake Canyon Grocery,2817 Milton Dr.,Albuquerque,NM,87110,USA
10480,FOLIG,6,12/9/2021,12/29/2021,12/14/2021,2,1.35,Folies gourmandes,184  chaussÃ©e de Tournai,Lille,France,59000,France
10481,RICAR,8,10/22/2020,11/1/2020,10/27/2020,2,64.33,Ricardo Adocicados,Av. Copacabana 267,Rio de Janeiro,RJ,02389-890,Brazil
10482,LAZYK,1,10/20/2024,11/7/2024,10/26/2024,3,7.48,Lazy K Kountry Store,12 Orchestra Terrace,Walla Walla,WA,99362,USA
10483,WHITC,7,2/13/2022,2/22/2022,2/19/2022,2,15.28,White Clover Markets,1029 - 12th Ave. S.,Seattle,WA,98124,USA
10484,BSBEV,3,11/3/2022,12/2/2022,11/6/2022,3,6.88,B's Beverages,Fauntleroy Circus,London,UK,EC2 5NT,UK
10485,LINOD,4,10/20/2021,11/8/2021,10/20/2021,2,64.45,LINO-Delicateses,Ave. 5 de Mayo Porlamar,I. de Margarita,Nueva Esparta,4980,Venezuela
10486,HILAA,1,4/21/2020,4/30/2020,4/23/2020,2,30.53,HILARION-Abastos,Carrera 22 con Ave. Carlos Soublette #8-35,San CristÃ³bal,TÃ¡chira,5022,Venezuela
10487,QUEEN,2,5/26/2023,6/21/2023,5/29/2023,2,71.07,Queen Cozinha,Alameda dos CanÃ rios 891,Sao Paulo,SP,05487-020,Brazil
10488,FRANK,8,11/24/2024,12/23/2024,11/26/2024,2,4.93,Frankenversand,Berliner Platz 43,MÃ¼nchen,Germany,80805,Germany
10489,PICCO,6,7/30/2022,8/22/2022,7/30/2022,2,5.29,Piccolo und mehr,Geislweg 14,Salzburg,Austria,5020,Austria
10490,HILAA,7,12/23/2020,1/6/2021,12/25/2020,2,210.19,HILARION-Abastos,Carrera 22 con Ave. Carlos Soublette #8-35,San CristÃ³bal,TÃ¡chira,5022,Venezuela
10491,FURIB,8,8/17/2022,8/27/2022,8/17/2022,3,16.96,Furia Bacalhau e Frutos do Mar,Jardim das rosas n. 32,Lisboa,Portugal,1675,Portugal
10492,BOTTM,3,3/21/2021,4/18/2021,3/27/2021,1,62.89,Bottom-Dollar Markets,23 Tsawassen Blvd.,Tsawassen,BC,T2F 8M4,Canada
10493,LAMAI,4,11/29/2022,12/24/2022,12/3/2022,3,10.64,La maison d'Asie,1 rue Alsace-Lorraine,Toulouse,France,31000,France
10494,COMMI,4,8/31/2021,9/13/2021,9/3/2021,2,65.99,ComÃ©rcio Mineiro,Av. dos LusÃ­adas  23,Sao Paulo,SP,05432-043,Brazil
10495,LAUGB,3,3/31/2022,4/11/2022,3/31/2022,3,4.65,Laughing Bacchus Wine Cellars,2319 Elm St.,Vancouver,BC,V3F 2K1,Canada
10496,TRADH,7,2/24/2021,3/9/2021,2/27/2021,2,46.77,TradiÃ§ao Hipermercados,Av. InÃªs de Castro 414,Sao Paulo,SP,05634-030,Brazil
10497,LEHMS,7,2/25/2022,3/15/2022,2/26/2022,1,36.21,Lehmanns Marktstand,Magazinweg 7,Frankfurt a.M.,Germany,60528,Germany
10498,HILAA,8,11/9/2022,12/2/2022,11/9/2022,2,29.75,HILARION-Abastos,Carrera 22 con Ave. Carlos Soublette #8-35,San CristÃ³bal,TÃ¡chira,5022,Venezuela
10499,LILAS,4,4/5/2021,4/25/2021,4/12/2021,2,102.02,LILA-Supermercado,Carrera 52 con Ave. BolÃ­var #65-98 Llano Largo,Barquisimeto,Lara,3508,Venezuela
10500,LAMAI,6,4/15/2020,4/22/2020,4/18/2020,1,42.68,La maison d'Asie,1 rue Alsace-Lorraine,Toulouse,France,31000,France
10501,BLAUS,9,3/24/2020,4/15/2020,3/25/2020,3,8.85,Blauer See Delikatessen,Forsterstr. 57,Mannheim,Germany,68306,Germany
10502,PERIC,2,1/24/2022,2/17/2022,1/24/2022,1,69.32,Pericles Comidas clÃ¡sicas,Calle Dr. Jorge Cash 321,MÃ©xico D.F.,Mexico,5033,Mexico
10503,HUNGO,6,11/30/2022,12/15/2022,12/1/2022,2,16.74,Hungry Owl All-Night Grocers,8 Johnstown Road,Cork,Co. Cork,NULL,Ireland
10504,WHITC,4,12/31/2022,1/9/2023,1/6/2023,3,59.13,White Clover Markets,1029 - 12th Ave. S.,Seattle,WA,98124,USA
10505,MEREP,3,8/2/2023,8/17/2023,8/6/2023,3,7.13,MÃ¨re Paillarde,43 rue St. Laurent,MontrÃ©al,QuÃ©bec,H1J 1C3,Canada
10506,KOENE,9,7/7/2020,7/26/2020,7/13/2020,2,21.19,KÃ¶niglich Essen,Maubelstr. 90,Brandenburg,Germany,14776,Germany
10507,ANTON,7,5/9/2022,5/25/2022,5/13/2022,1,47.45,Antonio Moreno TaquerÃ­a,Mataderos  2312,MÃ©xico D.F.,Mexico,5023,Mexico
10508,OTTIK,1,1/5/2020,1/21/2020,1/5/2020,2,4.99,Ottilies KÃ¤seladen,Mehrheimerstr. 369,KÃ¶ln,Germany,50739,Germany
10509,BLAUS,4,9/9/2022,9/20/2022,9/15/2022,1,0.15,Blauer See Delikatessen,Forsterstr. 57,Mannheim,Germany,68306,Germany
10510,SAVEA,6,6/11/2022,7/1/2022,6/14/2022,3,367.63,Save-a-lot Markets,187 Suffolk Ln.,Boise,ID,83720,USA
10511,BONAP,4,11/14/2021,11/29/2021,11/19/2021,3,350.64,Bon app',12  rue des Bouchers,Marseille,France,13008,France
10512,FAMIA,7,10/9/2021,10/29/2021,10/14/2021,2,3.53,Familia Arquibaldo,Rua OrÃ³s 92,Sao Paulo,SP,05442-030,Brazil
10513,WANDK,7,1/22/2023,2/19/2023,1/27/2023,1,105.65,Die Wandernde Kuh,Adenauerallee 900,Stuttgart,Germany,70563,Germany
10514,ERNSH,3,5/21/2023,6/11/2023,5/27/2023,2,789.95,Ernst Handel,Kirchgasse 6,Graz,Austria,8010,Austria
10515,QUICK,2,5/14/2023,5/31/2023,5/17/2023,1,204.47,QUICK-Stop,TaucherstraÃŸe 10,Cunewalde,Germany,1307,Germany
10516,HUNGO,2,4/11/2023,4/27/2023,4/15/2023,3,62.78,Hungry Owl All-Night Grocers,8 Johnstown Road,Cork,Co. Cork,NULL,Ireland
10517,NORTS,3,8/1/2021,8/9/2021,8/6/2021,3,32.07,North/South,South House 300 Queensbridge,London,UK,SW7 1RZ,UK
10518,TORTU,4,8/14/2020,9/3/2020,8/20/2020,2,218.15,Tortuga Restaurante,Avda. Azteca 123,MÃ©xico D.F.,Mexico,5033,Mexico
10519,CHOPS,6,5/4/2023,6/1/2023,5/5/2023,3,91.76,Chop-suey Chinese,Hauptstr. 31,Bern,Switzerland,3012,Switzerland
10520,SANTG,7,1/31/2023,2/18/2023,1/31/2023,1,13.37,SantÃ© Gourmet,Erling Skakkes gate 78,Stavern,Norway,4110,Norway
10521,CACTU,8,11/25/2020,12/12/2020,11/26/2020,2,17.22,Cactus Comidas para llevar,Cerrito 333,Buenos Aires,Argentina,1010,Argentina
10522,LEHMS,4,2/26/2020,3/17/2020,3/4/2020,1,45.33,Lehmanns Marktstand,Magazinweg 7,Frankfurt a.M.,Germany,60528,Germany
10523,SEVES,7,10/16/2023,11/1/2023,10/23/2023,2,77.63,Seven Seas Imports,90 Wadhurst Rd.,London,UK,OX15 4NB,UK
10524,BERGS,1,8/1/2020,8/18/2020,8/6/2020,2,244.79,Berglunds snabbkÃ¶p,BerguvsvÃ¤gen  8,LuleÃ¥,Sweden,S-958 22,Sweden
10525,BONAP,1,2/21/2024,3/17/2024,2/26/2024,2,11.06,Bon app',12  rue des Bouchers,Marseille,France,13008,France
10526,WARTH,4,8/24/2020,9/19/2020,8/24/2020,2,58.59,Wartian Herkku,Torikatu 38,Oulu,Finland,90110,Finland
10527,QUICK,7,3/28/2021,4/20/2021,3/28/2021,1,41.9,QUICK-Stop,TaucherstraÃŸe 10,Cunewalde,Germany,1307,Germany
10528,GREAL,6,3/9/2023,4/2/2023,3/16/2023,2,3.35,Great Lakes Food Market,2732 Baker Blvd.,Eugene,OR,97403,USA
10529,MAISD,5,1/12/2022,1/19/2022,1/16/2022,2,66.69,Maison Dewey,Rue Joseph-Bens 532,Bruxelles,Belgium,B-1180,Belgium
10530,PICCO,3,12/6/2024,1/3/2025,12/11/2024,2,339.22,Piccolo und mehr,Geislweg 14,Salzburg,Austria,5020,Austria
10531,OCEAN,7,9/27/2024,10/21/2024,10/3/2024,1,8.12,OcÃ©ano AtlÃ¡ntico Ltda.,Ing. Gustavo Moncada 8585 Piso 20-A,Buenos Aires,Argentina,1010,Argentina
10532,EASTC,7,11/14/2022,11/23/2022,11/16/2022,3,74.46,Eastern Connection,35 King George,London,UK,WX3 6FW,UK
10533,FOLKO,8,5/15/2023,5/29/2023,5/16/2023,1,188.04,Folk och fÃ¤ HB,Ã…kergatan 24,BrÃ¤cke,Sweden,S-844 67,Sweden
10534,LEHMS,8,6/6/2022,6/26/2022,6/6/2022,2,27.94,Lehmanns Marktstand,Magazinweg 7,Frankfurt a.M.,Germany,60528,Germany
10535,ANTON,4,5/28/2021,6/16/2021,5/29/2021,1,15.64,Antonio Moreno TaquerÃ­a,Mataderos  2312,MÃ©xico D.F.,Mexico,5023,Mexico
10536,LEHMS,3,7/31/2020,8/30/2020,8/2/2020,2,58.88,Lehmanns Marktstand,Magazinweg 7,Frankfurt a.M.,Germany,60528,Germany
10537,RICSU,1,11/2/2024,11/21/2024,11/6/2024,1,78.85,Richter Supermarkt,Starenweg 5,GenÃ¨ve,Switzerland,1204,Switzerland
10538,BSBEV,9,8/9/2020,9/7/2020,8/12/2020,3,4.87,B's Beverages,Fauntleroy Circus,London,UK,EC2 5NT,UK
10539,BSBEV,6,9/16/2023,9/25/2023,9/17/2023,3,12.36,B's Beverages,Fauntleroy Circus,London,UK,EC2 5NT,UK
10540,QUICK,3,6/25/2022,7/19/2022,6/26/2022,3,1007.64,QUICK-Stop,TaucherstraÃŸe 10,Cunewalde,Germany,1307,Germany
10541,HANAR,2,7/23/2021,8/10/2021,7/24/2021,1,68.65,Hanari Carnes,Rua do PaÃ§o 67,Rio de Janeiro,RJ,05454-876,Brazil
10542,KOENE,1,4/1/2021,4/30/2021,4/3/2021,3,10.95,KÃ¶niglich Essen,Maubelstr. 90,Brandenburg,Germany,14776,Germany
10543,LILAS,8,4/22/2023,5/10/2023,4/24/2023,2,48.17,LILA-Supermercado,Carrera 52 con Ave. BolÃ­var #65-98 Llano Largo,Barquisimeto,Lara,3508,Venezuela
10544,LONEP,4,12/17/2020,1/13/2021,12/21/2020,1,24.91,Lonesome Pine Restaurant,89 Chiaroscuro Rd.,Portland,OR,97219,USA
10545,LAZYK,8,6/9/2021,7/5/2021,6/14/2021,2,11.92,Lazy K Kountry Store,12 Orchestra Terrace,Walla Walla,WA,99362,USA
10546,VICTE,1,8/20/2024,9/1/2024,8/26/2024,3,194.72,Victuailles en stock,2  rue du Commerce,Lyon,France,69004,France
10547,SEVES,3,3/18/2021,4/7/2021,3/25/2021,2,178.43,Seven Seas Imports,90 Wadhurst Rd.,London,UK,OX15 4NB,UK
10548,TOMSP,3,9/29/2024,10/29/2024,10/1/2024,2,1.43,Toms SpezialitÃ¤ten,Luisenstr. 48,MÃ¼nster,Germany,44087,Germany
10549,QUICK,5,11/8/2024,11/23/2024,11/11/2024,1,171.24,QUICK-Stop,TaucherstraÃŸe 10,Cunewalde,Germany,1307,Germany
10550,GODOS,7,12/16/2020,1/6/2021,12/18/2020,3,4.32,Godos Cocina TÃ­pica,C/ Romero 33,Sevilla,Spain,41101,Spain
10551,FURIB,4,6/10/2024,7/4/2024,6/17/2024,3,72.95,Furia Bacalhau e Frutos do Mar,Jardim das rosas n. 32,Lisboa,Portugal,1675,Portugal
10552,HILAA,2,2/18/2023,3/3/2023,2/22/2023,1,83.22,HILARION-Abastos,Carrera 22 con Ave. Carlos Soublette #8-35,San CristÃ³bal,TÃ¡chira,5022,Venezuela
10553,WARTH,2,9/23/2020,10/12/2020,9/23/2020,2,149.49,Wartian Herkku,Torikatu 38,Oulu,Finland,90110,Finland
10554,OTTIK,4,1/28/2021,2/22/2021,2/4/2021,3,120.97,Ottilies KÃ¤seladen,Mehrheimerstr. 369,KÃ¶ln,Germany,50739,Germany
10555,SAVEA,6,9/14/2023,10/11/2023,9/21/2023,3,252.49,Save-a-lot Markets,187 Suffolk Ln.,Boise,ID,83720,USA
10556,SIMOB,2,3/3/2020,3/23/2020,3/5/2020,1,9.8,Simons bistro,VinbÃ¦ltet 34,Kobenhavn,Denmark,1734,Denmark
10557,LEHMS,9,1/11/2024,2/10/2024,1/13/2024,2,96.72,Lehmanns Marktstand,Magazinweg 7,Frankfurt a.M.,Germany,60528,Germany
10558,AROUT,1,3/28/2020,4/14/2020,3/30/2020,2,72.97,Around the Horn,Brook Farm Stratford St. Mary,Colchester,Essex,CO7 6JX,UK
10559,BLONP,6,1/14/2021,1/23/2021,1/21/2021,1,8.05,Blondel pÃ¨re et fils 24, place KlÃ©ber,Strasbourg,France,67000,France
10560,FRANK,8,2/21/2021,3/9/2021,2/28/2021,1,36.65,Frankenversand,Berliner Platz 43,MÃ¼nchen,Germany,80805,Germany
10561,FOLKO,2,6/18/2020,6/27/2020,6/21/2020,2,242.21,Folk och fÃ¤ HB,Ã…kergatan 24,BrÃ¤cke,Sweden,S-844 67,Sweden
10562,REGGC,1,2/20/2020,3/9/2020,2/21/2020,1,22.95,Reggiani Caseifici,Strada Provinciale 124,Reggio Emilia,Italy,42100,Italy
10563,RICAR,2,1/4/2023,1/31/2023,1/11/2023,2,60.43,Ricardo Adocicados,Av. Copacabana,Rio de Janeiro,RJ,02389-890,Brazil
10564,RATTC,4,1/22/2023,2/14/2023,1/26/2023,3,13.75,Rattlesnake Canyon Grocery,2817 Milton Dr.,Albuquerque,NM,87110,USA
10565,MEREP,8,1/25/2024,2/4/2024,1/26/2024,2,7.15,MÃ¨re Paillarde,43 rue St. Laurent,MontrÃ©al,QuÃ©bec,H1J 1C3,Canada
10566,BLONP,9,12/16/2023,12/27/2023,12/22/2023,1,88.4,Blondel pÃ¨re et fils, place KlÃ©ber,Strasbourg,France,67000,France
10567,HUNGO,1,8/2/2024,8/20/2024,8/6/2024,1,33.97,Hungry Owl All-Night Grocers,8 Johnstown Road,Cork,Co. Cork,NULL,Ireland
10568,GALED,3,7/7/2020,8/3/2020,7/11/2020,3,6.54,GalerÃ­a del gastronÃ³mo,Rambla de CataluÃ±a,Barcelona,Spain,8022,Spain
10569,RATTC,5,8/28/2024,9/23/2024,8/29/2024,1,58.98,Rattlesnake Canyon Grocery,2817 Milton Dr.,Albuquerque,NM,87110,USA
10570,MEREP,3,8/11/2022,8/20/2022,8/15/2022,3,188.99,MÃ¨re Paillarde,43 rue St. Laurent,MontrÃ©al,QuÃ©bec,H1J 1C3,Canada
10571,ERNSH,8,4/2/2022,4/10/2022,4/6/2022,3,26.06,Ernst Handel,Kirchgasse 6,Graz,Austria,8010,Austria
10572,BERGS,3,1/10/2021,1/17/2021,1/13/2021,2,116.43,Berglunds snabbkÃ¶p,BerguvsvÃ¤gen  8,LuleÃ¥,Sweden,S-958 22,Sweden
10573,ANTON,7,12/21/2020,1/20/2021,12/21/2020,3,84.84,Antonio Moreno TaquerÃ­a,Mataderos  2312,MÃ©xico D.F.,Mexico,5023,Mexico
10574,TRAIH,4,4/1/2020,5/1/2020,4/4/2020,2,37.6,Trail's Head Gourmet Provisioners,722 DaVinci Blvd.,Kirkland,WA,98034,USA
10575,MORGK,5,5/4/2021,5/27/2021,5/4/2021,1,127.34,Morgenstern Gesundkost,Heerstr. 22,Leipzig,Germany,4179,Germany
10576,TORTU,3,1/15/2022,2/12/2022,1/21/2022,3,18.56,Tortuga Restaurante,Avda. Azteca 123,MÃ©xico D.F.,Mexico,5033,Mexico
10577,TRAIH,9,2/28/2024,3/9/2024,2/28/2024,2,25.41,Trail's Head Gourmet Provisioners,722 DaVinci Blvd.,Kirkland,WA,98034,USA
10578,BSBEV,4,1/16/2024,2/15/2024,1/16/2024,3,29.6,B's Beverages,Fauntleroy Circus,London,UK,EC2 5NT,UK
10579,LETSS,1,4/12/2023,4/28/2023,4/18/2023,2,13.73,Let's Stop N Shop,87 Polk St. Suite 5,San Francisco,CA,94117,USA
10580,OTTIK,4,5/25/2022,6/16/2022,5/30/2022,3,75.89,Ottilies KÃ¤seladen,Mehrheimerstr. 369,KÃ¶ln,Germany,50739,Germany
10581,FAMIA,3,1/11/2021,2/7/2021,1/14/2021,1,3.01,Familia Arquibaldo,Rua OrÃ³s,Sao Paulo,SP,05442-030,Brazil
10582,BLAUS,3,6/23/2020,7/23/2020,6/25/2020,2,27.71,Blauer See Delikatessen,Forsterstr. 57,Mannheim,Germany,68306,Germany
10583,WARTH,2,3/31/2021,4/12/2021,4/1/2021,2,7.28,Wartian Herkku,Torikatu 38,Oulu,Finland,90110,Finland
10584,BLONP,4,7/6/2023,7/14/2023,7/12/2023,1,59.14,Blondel pÃ¨re et fils,24  place KlÃ©ber,Strasbourg,France,67000,France
10585,WELLI,7,5/23/2024,5/30/2024,5/30/2024,1,13.41,Wellington Importadora,Rua do Mercado,Resende,SP,08737-363,Brazil
10586,REGGC,9,10/14/2020,11/4/2020,10/20/2020,1,0.48,Reggiani Caseifici,Strada Provinciale 124,Reggio Emilia,Italy,42100,Italy
10587,QUEDE,1,10/26/2021,11/12/2021,11/1/2021,1,62.52,Que DelÃ­cia,Rua da Panificadora,Rio de Janeiro,RJ,02389-673,Brazil
10588,QUICK,2,10/20/2020,11/2/2020,10/24/2020,3,194.67,QUICK-Stop,TaucherstraÃŸe 10,Cunewalde,Germany,1307,Germany
10589,GREAL,8,5/5/2023,5/16/2023,5/12/2023,2,4.42,Great Lakes Food Market,2732 Baker Blvd.,Eugene,OR,97403,USA
10590,MEREP,4,11/23/2024,12/20/2024,11/27/2024,3,44.77,MÃ¨re Paillarde,43 rue St. Laurent,MontrÃ©al,QuÃ©bec,H1J 1C3,Canada
10591,VAFFE,1,9/2/2024,9/9/2024,9/3/2024,1,55.92,Vaffeljernet,Smagsloget 45,Ã…rhus,Denmark,8200,Denmark
10592,LEHMS,3,4/10/2021,4/30/2021,4/12/2021,1,32.1,Lehmanns Marktstand,Magazinweg 7,Frankfurt a.M.,Germany,60528,Germany
10593,LEHMS,7,6/19/2023,7/6/2023,6/24/2023,2,174.2,Lehmanns Marktstand,Magazinweg 7,Frankfurt a.M.,Germany,60528,Germany
10594,OLDWO,3,5/13/2022,6/4/2022,5/18/2022,2,5.24,Old World Delicatessen,2743 Bering St.,Anchorage,AK,99508,USA
10595,ERNSH,2,11/27/2021,12/20/2021,12/2/2021,1,96.78,Ernst Handel,Kirchgasse 6,Graz,Austria,8010,Austria
10596,WHITC,8,11/15/2024,11/30/2024,11/17/2024,1,16.34,White Clover Markets,1029 - 12th Ave. S.,Seattle,WA,98124,USA
10597,PICCO,7,4/6/2024,4/20/2024,4/7/2024,3,35.12,Piccolo und mehr,Geislweg 14,Salzburg,Austria,5020,Austria
10598,RATTC,1,6/23/2023,7/14/2023,6/24/2023,3,44.42,Rattlesnake Canyon Grocery,2817 Milton Dr.,Albuquerque,NM,87110,USA
10599,BSBEV,6,6/6/2020,6/13/2020,6/12/2020,3,29.98,B's Beverages,Fauntleroy Circus,London,UK,EC2 5NT,UK
10600,HUNGC,4,11/27/2023,12/17/2023,11/29/2023,1,45.13,Hungry Coyote Import Store,City Center Plaza 516 Main St.,Elgin,OR,97827,USA
10601,HILAA,7,1/10/2024,2/5/2024,1/11/2024,1,58.3,HILARION-Abastos,Carrera 22 con Ave. Carlos Soublette #8-35,San CristÃ³bal,TÃ¡chira,5022,Venezuela
10602,VAFFE,8,8/26/2024,9/15/2024,9/1/2024,2,2.92,Vaffeljernet,Smagsloget 45,Ã…rhus,Denmark,8200,Denmark
10603,SAVEA,8,1/29/2023,2/18/2023,2/4/2023,2,48.77,Save-a-lot Markets,187 Suffolk Ln.,Boise,ID,83720,USA
10604,FURIB,1,1/17/2020,2/15/2020,1/17/2020,1,7.46,Furia Bacalhau e Frutos do Mar,Jardim das rosas n. 32,Lisboa,Portugal,1675,Portugal
10605,MEREP,1,3/22/2023,4/17/2023,3/29/2023,2,379.13,MÃ¨re Paillarde,43 rue St. Laurent,MontrÃ©al,QuÃ©bec,H1J 1C3,Canada
10606,TRADH,4,10/20/2021,11/4/2021,10/25/2021,3,79.4,TradiÃ§ao Hipermercados,Av. InÃªs de Castro,Sao Paulo,SP,05634-030,Brazil
10607,SAVEA,5,12/25/2021,1/10/2022,12/30/2021,1,200.24,Save-a-lot Markets,187 Suffolk Ln.,Boise,ID,83720,USA
10608,TOMSP,4,11/2/2023,11/27/2023,11/8/2023,2,27.79,Toms SpezialitÃ¤ten,Luisenstr. 48,MÃ¼nster,Germany,44087,Germany
10609,DUMON,7,9/13/2020,9/23/2020,9/13/2020,2,1.85,Du monde entier, rue des Cinquante Otages,Nantes,France,44000,France
10610,LAMAI,8,9/19/2022,10/4/2022,9/25/2022,1,26.78,La maison d'Asie,1 rue Alsace-Lorraine,Toulouse,France,31000,France
10611,WOLZA,6,4/29/2020,5/8/2020,5/5/2020,2,80.65,Wolski Zajazd,ul. Filtrowa 68,Warszawa,Poland,01-012,Poland
10612,SAVEA,1,1/9/2022,1/20/2022,1/16/2022,2,544.08,Save-a-lot Markets,187 Suffolk Ln.,Boise,ID,83720,USA
10613,HILAA,4,4/12/2023,5/1/2023,4/14/2023,2,8.11,HILARION-Abastos,Carrera 22 con Ave. Carlos Soublette #8-35,San CristÃ³bal,TÃ¡chira,5022,Venezuela
10614,BLAUS,8,6/29/2021,7/26/2021,7/6/2021,3,1.93,Blauer See Delikatessen,Forsterstr. 57,Mannheim,Germany,68306,Germany
10615,WILMK,2,8/16/2023,8/30/2023,8/21/2023,3,0.75,Wilman Kala,Keskuskatu 45,Helsinki,Finland,21240,Finland
10616,GREAL,1,5/18/2021,5/31/2021,5/21/2021,2,116.53,Great Lakes Food Market,2732 Baker Blvd.,Eugene,OR,97403,USA
10617,GREAL,4,12/6/2022,1/5/2023,12/7/2022,2,18.53,Great Lakes Food Market,2732 Baker Blvd.,Eugene,OR,97403,USA
10618,MEREP,1,10/25/2021,11/17/2021,10/31/2021,1,154.68,MÃ¨re Paillarde,43 rue St. Laurent,MontrÃ©al,QuÃ©bec,H1J 1C3,Canada
10619,MEREP,3,5/22/2022,6/12/2022,5/29/2022,3,91.05,MÃ¨re Paillarde,43 rue St. Laurent,MontrÃ©al,QuÃ©bec,H1J 1C3,Canada
10620,LAUGB,2,6/9/2022,6/23/2022,6/14/2022,3,0.94,Laughing Bacchus Wine Cellars,2319 Elm St.,Vancouver,BC,V3F 2K1,Canada
10621,ISLAT,4,1/26/2024,2/17/2024,1/28/2024,2,23.73,Island Trading,Garden House Crowther Way,Cowes,Isle of Wight,PO31 7PJ,UK
10622,RICAR,4,2/14/2022,2/26/2022,2/21/2022,3,50.97,Ricardo Adocicados,Av. Copacabana,Rio de Janeiro,RJ,02389-890,Brazil
10623,FRANK,8,6/13/2023,6/21/2023,6/20/2023,2,97.18,Frankenversand,Berliner Platz 43,MÃ¼nchen,Germany,80805,Germany
10624,THECR,4,10/27/2020,11/9/2020,10/31/2020,2,94.8,The Cracker Box,55 Grizzly Peak Rd.,Butte,MT,59801,USA
10625,ANATR,3,12/15/2022,12/29/2022,12/22/2022,1,43.9,Ana Trujillo Emparedados y helados,Avda. de la ConstituciÃ³n 2222,MÃ©xico D.F.,Mexico,5021,Mexico
10626,BERGS,1,12/8/2021,12/22/2021,12/12/2021,2,138.69,Berglunds snabbkÃ¶p,BerguvsvÃ¤gen  8,LuleÃ¥,Sweden,S-958 22,Sweden
10627,SAVEA,8,10/26/2024,11/9/2024,10/27/2024,3,107.46,Save-a-lot Markets,187 Suffolk Ln.,Boise,ID,83720,USA
10628,BLONP,4,11/12/2022,12/12/2022,11/16/2022,3,30.36,Blondel pÃ¨re et fils, place KlÃ©ber,Strasbourg,France,67000,France
10629,GODOS,4,10/7/2021,10/28/2021,10/12/2021,3,85.46,Godos Cocina TÃ­pica,C/ Romero,Sevilla,Spain,41101,Spain
10630,KOENE,1,6/8/2021,6/26/2021,6/9/2021,2,32.35,KÃ¶niglich Essen,Maubelstr. 90,Brandenburg,Germany,14776,Germany
10631,LAMAI,8,11/24/2024,12/11/2024,11/29/2024,1,0.87,La maison d'Asie,1 rue Alsace-Lorraine,Toulouse,France,31000,France
10632,WANDK,8,2/21/2021,3/5/2021,2/25/2021,1,41.38,Die Wandernde Kuh,Adenauerallee 900,Stuttgart,Germany,70563,Germany
10633,ERNSH,7,1/11/2020,1/23/2020,1/11/2020,3,477.9,Ernst Handel,Kirchgasse 6,Graz,Austria,8010,Austria
10634,FOLIG,4,4/24/2024,5/7/2024,4/26/2024,3,487.38,Folies gourmandes, chaussÃ©e de Tournai,Lille,France,59000,France
10635,MAGAA,8,6/24/2023,7/17/2023,6/25/2023,3,47.46,Magazzini Alimentari Riuniti,Via Ludovico il Moro 22,Bergamo,Italy,24100,Italy
10636,WARTH,4,11/2/2021,11/22/2021,11/3/2021,1,1.15,Wartian Herkku,Torikatu 38,Oulu,Finland,90110,Finland
10637,QUEEN,6,3/10/2022,4/4/2022,3/12/2022,1,201.29,Queen Cozinha,Alameda dos CanÃ rios,Sao Paulo,SP,05487-020,Brazil
10638,LINOD,3,11/18/2023,12/16/2023,11/22/2023,1,158.44,LINO-Delicateses,Ave. 5 de Mayo Porlamar,I. de Margarita,Nueva Esparta,4980,Venezuela
10639,SANTG,7,10/14/2021,10/21/2021,10/14/2021,3,38.64,SantÃ© Gourmet,Erling Skakkes gate 78,Stavern,Norway,4110,Norway
10640,WANDK,4,12/28/2020,1/13/2021,12/29/2020,1,23.55,Die Wandernde Kuh,Adenauerallee 900,Stuttgart,Germany,70563,Germany
10641,HILAA,4,6/16/2021,6/29/2021,6/17/2021,2,179.61,HILARION-Abastos,Carrera 22 con Ave. Carlos Soublette #8-35,San CristÃ³bal,TÃ¡chira,5022,Venezuela
10642,SIMOB,7,11/8/2024,12/5/2024,11/15/2024,3,41.89,Simons bistro,VinbÃ¦ltet 34,Kobenhavn,Denmark,1734,Denmark
10643,ALFKI,6,11/5/2023,11/27/2023,11/9/2023,1,29.46,Alfreds Futterkiste,Obere Str. 57,Berlin,Germany,12209,Germany
10644,WELLI,3,3/9/2020,3/26/2020,3/11/2020,2,0.14,Wellington Importadora,Rua do Mercado,Resende,SP,08737-363,Brazil
10645,HANAR,4,7/13/2023,7/27/2023,7/16/2023,1,12.41,Hanari Carnes,Rua do PaÃ§o,Rio de Janeiro,RJ,05454-876,Brazil
10646,HUNGO,9,12/8/2023,12/18/2023,12/15/2023,3,142.33,Hungry Owl All-Night Grocers,8 Johnstown Road,Cork,Co. Cork,T13,Ireland
10647,QUEDE,4,11/16/2021,12/12/2021,11/18/2021,2,45.54,Que DelÃ­cia,Rua da Panificadora,Rio de Janeiro,RJ,02389-673,Brazil
10648,RICAR,5,2/22/2020,3/20/2020,2/25/2020,2,14.25,Ricardo Adocicados,Av. Copacabana,Rio de Janeiro,RJ,02389-890,Brazil
10649,MAISD,5,3/26/2023,4/25/2023,4/2/2023,3,6.2,Maison Dewey,Rue Joseph-Bens 532,Bruxelles,Belgium,B-1180,Belgium
10650,FAMIA,5,3/7/2023,3/27/2023,3/11/2023,3,176.81,Familia Arquibaldo,Rua OrÃ³s,Sao Paulo,SP,05442-030,Brazil
10651,WANDK,8,2/18/2021,3/13/2021,2/24/2021,2,20.6,Die Wandernde Kuh,Adenauerallee 900,Stuttgart,Germany,70563,Germany
10652,GOURL,4,5/4/2022,5/22/2022,5/10/2022,2,7.14,Gourmet Lanchonetes,Av. Brasil,Campinas,SP,04876-786,Brazil
10653,FRANK,1,12/26/2023,1/15/2024,12/28/2023,1,93.25,Frankenversand,Berliner Platz 43,MÃ¼nchen,Germany,80805,Germany
10654,BERGS,5,11/26/2023,12/26/2023,11/26/2023,1,55.26,Berglunds snabbkÃ¶p,BerguvsvÃ¤gen  8,LuleÃ¥,Sweden,S-958 22,Sweden
10655,REGGC,1,12/2/2022,12/27/2022,12/8/2022,2,4.41,Reggiani Caseifici,Strada Provinciale 124,Reggio Emilia,Italy,42100,Italy
10656,GREAL,6,6/19/2024,6/29/2024,6/25/2024,1,57.15,Great Lakes Food Market,2732 Baker Blvd.,Eugene,OR,97403,USA
10657,SAVEA,2,1/13/2023,2/4/2023,1/20/2023,2,352.69,Save-a-lot Markets,187 Suffolk Ln.,Boise,ID,83720,USA
10658,QUICK,4,4/30/2020,5/28/2020,5/4/2020,1,364.15,QUICK-Stop,TaucherstraÃŸe 10,Cunewalde,Germany,1307,Germany
10659,QUEEN,7,9/16/2024,9/27/2024,9/22/2024,2,105.81,Queen Cozinha,Alameda dos CanÃ rios,Sao Paulo,SP,05487-020,Brazil
10660,HUNGC,8,5/31/2022,6/15/2022,6/1/2022,1,111.29,Hungry Coyote Import Store,City Center Plaza 516 Main St.,Elgin,OR,97827,USA
10661,HUNGO,7,4/28/2020,5/8/2020,5/5/2020,3,17.55,Hungry Owl All-Night Grocers,8 Johnstown Road,Cork,Co. Cork,NULL,Ireland
10662,LONEP,3,11/5/2020,11/29/2020,11/8/2020,2,1.28,Lonesome Pine Restaurant,89 Chiaroscuro Rd.,Portland,OR,97219,USA
10663,BONAP,2,11/5/2022,11/14/2022,11/5/2022,2,113.15,Bon app', rue des Bouchers,Marseille,France,13008,France
10664,FURIB,1,1/19/2022,1/26/2022,1/26/2022,3,1.27,Furia Bacalhau e Frutos do Mar,Jardim das rosas n. 32,Lisboa,Portugal,1675,Portugal
10665,LONEP,1,10/8/2022,10/28/2022,10/11/2022,2,26.31,Lonesome Pine Restaurant,89 Chiaroscuro Rd.,Portland,OR,97219,USA
10666,RICSU,7,4/23/2022,5/23/2022,4/28/2022,2,232.42,Richter Supermarkt,Starenweg 5,GenÃ¨ve,Switzerland,1204,Switzerland
10667,ERNSH,7,1/31/2021,2/25/2021,2/7/2021,1,78.09,Ernst Handel,Kirchgasse 6,Graz,Austria,8010,Austria
10668,WANDK,1,2/17/2023,2/25/2023,2/21/2023,2,47.22,Die Wandernde Kuh,Adenauerallee 900,Stuttgart,Germany,70563,Germany
10669,SIMOB,2,9/20/2022,9/30/2022,9/20/2022,1,24.39,Simons bistro,VinbÃ¦ltet 34,Kobenhavn,Denmark,1734,Denmark
10670,FRANK,4,4/9/2022,4/28/2022,4/14/2022,1,203.48,Frankenversand,Berliner Platz 43,MÃ¼nchen,Germany,80805,Germany
10671,FRANR,1,4/26/2023,5/22/2023,4/28/2023,1,30.34,France restauration, rue Royale,Nantes,France,44000,France
10672,BERGS,9,7/29/2024,8/27/2024,8/5/2024,2,95.75,Berglunds snabbkÃ¶p,BerguvsvÃ¤gen  8,LuleÃ¥,Sweden,S-958 22,Sweden
10673,WILMK,2,1/7/2020,1/16/2020,1/9/2020,1,22.76,Wilman Kala,Keskuskatu 45,Helsinki,Finland,21240,Finland
10674,ISLAT,4,3/29/2021,4/22/2021,4/5/2021,2,0.9,Island Trading,Garden House Crowther Way,Cowes,Isle of Wight,PO31 7PJ,UK
10675,FRANK,5,1/20/2023,2/18/2023,1/21/2023,2,31.85,Frankenversand,Berliner Platz 43,MÃ¼nchen,Germany,80805,Germany
10676,TORTU,2,6/17/2024,6/25/2024,6/21/2024,2,2.01,Tortuga Restaurante,Avda. Azteca 123,MÃ©xico D.F.,Mexico,5033,Mexico
10677,ANTON,1,6/23/2022,7/2/2022,6/26/2022,3,4.03,Antonio Moreno TaquerÃ­a,Mataderos  2312,MÃ©xico D.F.,Mexico,5023,Mexico
10678,SAVEA,7,1/2/2024,1/12/2024,1/7/2024,3,388.98,Save-a-lot Markets,187 Suffolk Ln.,Boise,ID,83720,USA
10679,BLONP,8,3/29/2024,4/27/2024,4/1/2024,3,27.94,Blondel pÃ¨re et fils, place KlÃ©ber,Strasbourg,France,67000,France
10680,OLDWO,1,11/21/2023,12/11/2023,11/21/2023,1,26.61,Old World Delicatessen,2743 Bering St.,Anchorage,AK,99508,USA
10681,GREAL,3,11/28/2022,12/18/2022,12/2/2022,3,76.13,Great Lakes Food Market,2732 Baker Blvd.,Eugene,OR,97403,USA
10682,ANTON,3,9/4/2023,9/17/2023,9/7/2023,2,36.13,Antonio Moreno TaquerÃ­a,Mataderos  2312,MÃ©xico D.F.,Mexico,5023,Mexico
10683,DUMON,2,6/28/2022,7/5/2022,7/4/2022,1,4.4,Du monde entier, rue des Cinquante Otages,Nantes,France,44000,France
10684,OTTIK,3,3/25/2024,4/13/2024,3/30/2024,1,145.63,Ottilies KÃ¤seladen,Mehrheimerstr. 369,KÃ¶ln,Germany,50739,Germany
10685,GOURL,4,7/18/2021,8/8/2021,7/24/2021,2,33.75,Gourmet Lanchonetes,Av. Brasil,Campinas,SP,04876-786,Brazil
10686,PICCO,2,11/7/2021,11/19/2021,11/8/2021,1,96.5,Piccolo und mehr,Geislweg 14,Salzburg,Austria,5020,Austria
10687,HUNGO,9,5/11/2021,5/25/2021,5/18/2021,2,296.43,Hungry Owl All-Night Grocers,8 Johnstown Road,Cork,Co. Cork,NULL,Ireland
10688,VAFFE,4,5/23/2021,6/11/2021,5/23/2021,2,299.09,Vaffeljernet,Smagsloget 45,Ã…rhus,Denmark,8200,Denmark
10689,BERGS,1,12/29/2023,1/18/2024,1/3/2024,2,13.42,Berglunds snabbkÃ¶p,BerguvsvÃ¤gen  8,LuleÃ¥,Sweden,S-958 22,Sweden
10690,HANAR,1,4/23/2023,5/19/2023,4/29/2023,1,15.8,Hanari Carnes,Rua do PaÃ§o,Rio de Janeiro,RJ,05454-876,Brazil
10691,QUICK,2,2/11/2024,2/28/2024,2/16/2024,2,810.05,QUICK-Stop,TaucherstraÃŸe 10,Cunewalde,Germany,1307,Germany
10692,ALFKI,4,2/12/2020,3/4/2020,2/12/2020,2,61.02,Alfred's Futterkiste,Obere Str. 57,Berlin,Germany,12209,Germany
10693,WHITC,3,2/19/2023,3/3/2023,2/25/2023,3,139.34,White Clover Markets,1029 - 12th Ave. S.,Seattle,WA,98124,USA
10694,QUICK,8,12/18/2020,12/25/2020,12/22/2020,3,398.36,QUICK-Stop,TaucherstraÃŸe 10,Cunewalde,Germany,1307,Germany
10695,WILMK,7,1/2/2023,1/22/2023,1/2/2023,1,16.72,Wilman Kala,Keskuskatu 45,Helsinki,Finland,21240,Finland
10696,WHITC,8,3/25/2023,4/17/2023,3/27/2023,3,102.55,White Clover Markets,1029 - 12th Ave. S.,Seattle,WA,98124,USA
10697,LINOD,3,11/18/2022,12/17/2022,11/21/2022,1,45.52,LINO-Delicateses,Ave. 5 de Mayo Porlamar,I. de Margarita,Nueva Esparta,4980,Venezuela
10698,ERNSH,4,7/12/2024,7/30/2024,7/13/2024,1,272.47,Ernst Handel,Kirchgasse 6,Graz,Austria,8010,Austria
10699,MORGK,3,12/16/2022,1/6/2023,12/20/2022,3,0.58,Morgenstern Gesundkost,Heerstr. 22,Leipzig,Germany,4179,Germany
10700,SAVEA,3,4/3/2021,5/3/2021,4/4/2021,1,65.1,Save-a-lot Markets,187 Suffolk Ln.,Boise,ID,83720,USA
10701,HUNGO,6,7/11/2022,8/10/2022,7/16/2022,3,220.31,Hungry Owl All-Night Grocers,8 Johnstown Road,Cork,Co. Cork,NULL,Ireland
10702,ALFKI,4,2/28/2023,3/30/2023,3/5/2023,1,23.94,Alfred's Futterkiste,Obere Str. 57,Berlin,Germany,12209,Germany
10703,FOLKO,6,11/25/2024,12/17/2024,12/2/2024,2,152.3,Folk och fÃ¤ HB,Ã…kergatan 24,BrÃ¤cke,Sweden,S-844 67,Sweden
10704,QUEEN,6,10/30/2020,11/28/2020,11/3/2020,1,4.78,Queen Cozinha,Alameda dos CanÃ rios,Sao Paulo,SP,05487-020,Brazil
10705,HILAA,9,10/2/2022,10/31/2022,10/8/2022,2,3.52,HILARION-Abastos,Carrera 22 con Ave. Carlos Soublette #8-35,San CristÃ³bal,TÃ¡chira,5022,Venezuela
10706,OLDWO,8,10/8/2022,10/23/2022,10/9/2022,3,135.63,Old World Delicatessen,2743 Bering St.,Anchorage,AK,99508,USA
10707,AROUT,4,9/19/2020,10/17/2020,9/20/2020,3,21.74,Around the Horn,Brook Farm Stratford St. Mary,Colchester,Essex,CO7 6JX,UK
10708,THEBI,6,6/19/2022,7/13/2022,6/22/2022,2,2.96,The Big Cheese,89 Jefferson Way Suite 2,Portland,OR,97201,USA
10709,GOURL,1,1/27/2021,2/8/2021,1/28/2021,3,210.8,Gourmet Lanchonetes,Av. Brasil,Campinas,SP,04876-786,Brazil
10710,FRANS,1,12/16/2022,12/25/2022,12/23/2022,1,4.98,Franchi S.p.A.,Via Monte Bianco 34,Torino,Italy,10100,Italy
10711,SAVEA,5,1/8/2020,1/23/2020,1/8/2020,2,52.41,Save-a-lot Markets,187 Suffolk Ln.,Boise,ID,83720,USA
10712,HUNGO,3,11/27/2021,12/8/2021,11/29/2021,1,89.93,Hungry Owl All-Night Grocers,8 Johnstown Road,Cork,Co. Cork,NULL,Ireland
10713,SAVEA,1,10/29/2022,11/8/2022,11/3/2022,1,167.05,Save-a-lot Markets,187 Suffolk Ln.,Boise,ID,83720,USA
10714,SAVEA,5,8/23/2023,9/18/2023,8/23/2023,3,24.49,Save-a-lot Markets,187 Suffolk Ln.,Boise,ID,83720,USA
10715,BONAP,3,4/21/2023,5/14/2023,4/27/2023,1,63.2,Bon app', rue des Bouchers,Marseille,France,13008,France
10716,RANCH,4,3/5/2022,3/28/2022,3/6/2022,2,22.57,Rancho grande,Av. del Libertador 900,Buenos Aires,Argentina,1010,Argentina
10717,FRANK,1,1/22/2021,2/8/2021,1/28/2021,2,59.25,Frankenversand,Berliner Platz 43,MÃ¼nchen,Germany,80805,Germany
10718,KOENE,1,7/12/2023,7/22/2023,7/15/2023,3,170.88,KÃ¶niglich Essen,Maubelstr. 90,Brandenburg,Germany,14776,Germany
10719,LETSS,8,10/6/2023,10/18/2023,10/11/2023,2,51.44,Let's Stop N Shop,87 Polk St. Suite 5,San Francisco,CA,94117,USA
10720,QUEDE,8,1/11/2024,2/9/2024,1/16/2024,2,9.53,Que DelÃ­cia,Rua da Panificadora,Rio de Janeiro,RJ,02389-673,Brazil
10721,QUICK,5,9/12/2020,9/24/2020,9/15/2020,3,48.92,QUICK-Stop,TaucherstraÃŸe 10,Cunewalde,Germany,1307,Germany
10722,SAVEA,8,1/22/2021,2/16/2021,1/23/2021,1,74.58,Save-a-lot Markets,187 Suffolk Ln.,Boise,ID,83720,USA
10723,WHITC,3,10/17/2021,11/5/2021,10/19/2021,1,21.72,White Clover Markets,1029 - 12th Ave. S.,Seattle,WA,98124,USA
10724,MEREP,8,4/26/2023,5/11/2023,4/29/2023,2,57.75,MÃ¨re Paillarde,43 rue St. Laurent,MontrÃ©al,QuÃ©bec,H1J 1C3,Canada
10725,FAMIA,4,4/17/2022,5/2/2022,4/20/2022,3,10.83,Familia Arquibaldo,Rua OrÃ³s,Sao Paulo,SP,05442-030,Brazil
10726,EASTC,4,12/6/2020,12/16/2020,12/9/2020,1,16.56,Eastern Connection,35 King George,London,UK,WX3 6FW,UK
10727,REGGC,2,11/17/2024,12/16/2024,11/24/2024,1,89.9,Reggiani Caseifici,Strada Provinciale 124,Reggio Emilia,Italy,42100,Italy
10728,QUEEN,4,9/29/2022,10/19/2022,9/30/2022,2,58.33,Queen Cozinha,Alameda dos CanÃ rios,Sao Paulo,SP,05487-020,Brazil
10729,LINOD,8,1/17/2021,2/7/2021,1/20/2021,3,141.06,LINO-Delicateses,Ave. 5 de Mayo Porlamar,I. de Margarita,Nueva Esparta,4980,Venezuela
10730,BONAP,5,9/15/2023,10/11/2023,9/22/2023,1,20.12,Bon app', rue des Bouchers,Marseille,France,13008,France
10731,CHOPS,7,6/30/2024,7/27/2024,7/4/2024,1,96.65,Chop-suey Chinese,Hauptstr. 31,Bern,Switzerland,3012,Switzerland
10732,BONAP,3,11/6/2023,11/19/2023,11/9/2023,1,16.97,Bon app', rue des Bouchers,Marseille,France,13008,France
10733,BERGS,1,11/16/2022,12/10/2022,11/23/2022,3,110.11,Berglunds snabbkÃ¶p,BerguvsvÃ¤gen  8,LuleÃ¥,Sweden,S-958 22,Sweden
10734,GOURL,2,9/18/2020,10/17/2020,9/23/2020,3,1.63,Gourmet Lanchonetes,442,Campinas,SP,04876-786,Brazil
10735,LETSS,6,7/22/2024,7/31/2024,7/29/2024,2,45.97,Let's Stop N Shop,87 Polk St. Suite 5,San Francisco,CA,94117,USA
10736,HUNGO,9,10/23/2023,11/13/2023,10/30/2023,2,44.1,Hungry Owl All-Night Grocers,8 Johnstown Road,Cork,Co. Cork,NULL,Ireland
10737,VINET,2,1/4/2023,1/31/2023,1/9/2023,2,7.79,Vins et alcools Chevalier,59 rue de l'Abbaye,Reims,France,51100,France
10738,SPECD,2,12/6/2022,12/30/2022,12/6/2022,1,2.91,SpÃ©cialitÃ©s du monde, rue Lauriston,Paris,France,75016,France
10739,VINET,3,12/29/2021,1/9/2022,1/4/2022,3,11.08,Vins et alcools Chevalier,59 rue de l'Abbaye,Reims,France,51100,France
10740,WHITC,4,4/1/2023,4/19/2023,4/2/2023,2,81.88,White Clover Markets,1029 - 12th Ave. S.,Seattle,WA,98124,USA
10741,AROUT,4,12/8/2021,1/6/2022,12/14/2021,3,10.96,Around the Horn,Brook Farm Stratford St. Mary,Colchester,Essex,CO7 6JX,UK
10742,BOTTM,3,11/22/2022,12/13/2022,11/22/2022,3,243.73,Bottom-Dollar Markets,23 Tsawassen Blvd.,Tsawassen,BC,T2F 8M4,Canada
10743,AROUT,1,1/6/2024,1/15/2024,1/9/2024,2,23.72,Around the Horn,Brook Farm Stratford St. Mary,Colchester,Essex,CO7 6JX,UK
10744,VAFFE,6,7/10/2020,7/20/2020,7/12/2020,1,69.19,Vaffeljernet,Smagsloget 45,Ã…rhus,Denmark,8200,Denmark
10745,QUICK,9,12/18/2023,1/5/2024,12/25/2023,1,3.52,QUICK-Stop,TaucherstraÃŸe 10,Cunewalde,Germany,1307,Germany
10746,CHOPS,1,3/18/2020,3/31/2020,3/23/2020,3,31.43,Chop-suey Chinese,Hauptstr. 31,Bern,Switzerland,3012,Switzerland
10747,PICCO,6,6/8/2024,7/4/2024,6/8/2024,1,117.33,Piccolo und mehr,Geislweg 14,Salzburg,Austria,5020,Austria
10748,SAVEA,3,12/25/2024,1/7/2025,12/27/2024,1,232.55,Save-a-lot Markets,187 Suffolk Ln.,Boise,ID,83720,USA
10749,ISLAT,4,11/19/2020,12/11/2020,11/20/2020,2,61.53,Island Trading,Garden House Crowther Way,Cowes,Isle of Wight,PO31 7PJ,UK
10750,WARTH,9,6/6/2022,6/30/2022,6/9/2022,1,79.3,Wartian Herkku,Torikatu 38,Oulu,Finland,90110,Finland
10751,RICSU,3,3/17/2024,4/12/2024,3/23/2024,3,130.79,Richter Supermarkt,Starenweg 5,GenÃ¨ve,Switzerland,1204,Switzerland
10752,NORTS,2,12/3/2021,1/1/2022,12/7/2021,3,1.39,North/South,South House 300 Queensbridge,London,UK,SW7 1RZ,UK
10753,FRANS,3,10/29/2024,11/28/2024,10/31/2024,1,7.7,Franchi S.p.A.,Via Monte Bianco 34,Torino,Italy,10100,Italy
10754,MAGAA,6,9/1/2021,9/18/2021,9/2/2021,3,2.38,Magazzini Alimentari Riuniti,Via Ludovico il Moro 22,Bergamo,Italy,24100,Italy
10755,BONAP,4,7/22/2020,8/3/2020,7/25/2020,2,16.71,Bon app', rue des Bouchers,Marseille,France,13008,France
10756,SPLIR,8,12/8/2022,12/19/2022,12/12/2022,2,73.21,Split Rail Beer & Ale,P.O. Box 555,Lander,WY,82520,USA
10757,SAVEA,6,2/11/2020,3/8/2020,2/13/2020,1,8.19,Save-a-lot Markets,187 Suffolk Ln.,Boise,ID,83720,USA
10758,RICSU,3,3/30/2021,4/25/2021,3/31/2021,3,138.17,Richter Supermarkt,Starenweg 5,GenÃ¨ve,Switzerland,1204,Switzerland
10759,ANATR,3,9/10/2020,9/29/2020,9/17/2020,3,11.99,Ana Trujillo Emparedados y helados,Avda. de la ConstituciÃ³n 2222,MÃ©xico D.F.,Mexico,5021,Mexico
10760,MAISD,4,5/28/2023,6/4/2023,5/31/2023,1,155.64,Maison Dewey,Rue Joseph-Bens 532,Bruxelles,Belgium,B-1180,Belgium
10761,RATTC,5,5/26/2020,6/16/2020,5/27/2020,2,18.66,Rattlesnake Canyon Grocery,2817 Milton Dr.,Albuquerque,NM,87110,USA
10762,FOLKO,3,7/22/2020,8/1/2020,7/25/2020,1,328.74,Folk och fÃ¤ HB,Ã…kergatan 24,BrÃ¤cke,Sweden,S-844 67,Sweden
10763,FOLIG,3,9/1/2024,9/11/2024,9/1/2024,3,37.35,Folies gourmandes, chaussÃ©e de Tournai,Lille,France,59000,France
10764,ERNSH,6,4/20/2023,4/27/2023,4/26/2023,3,145.45,Ernst Handel,Kirchgasse 6,Graz,Austria,8010,Austria
10765,QUICK,3,4/11/2021,5/3/2021,4/17/2021,3,42.74,QUICK-Stop,TaucherstraÃŸe 10,Cunewalde,Germany,1307,Germany
10766,OTTIK,4,6/7/2021,7/1/2021,6/8/2021,1,157.55,Ottilies KÃ¤seladen,Mehrheimerstr. 369,KÃ¶ln,Germany,50739,Germany
10767,SUPRD,4,1/30/2023,2/18/2023,1/31/2023,3,1.59,SuprÃªmes dÃ©lices,255,Charleroi,Belgium,B-6000,Belgium
10768,AROUT,3,10/12/2021,10/22/2021,10/13/2021,2,146.32,Around the Horn,Brook Farm Stratford St. Mary,Colchester,Essex,CO7 6JX,UK
10769,VAFFE,3,4/3/2023,5/2/2023,4/8/2023,1,65.06,Vaffeljernet,Smagsloget 45,Ã…rhus,Denmark,8200,Denmark
10770,HANAR,8,12/2/2021,12/22/2021,12/9/2021,3,5.32,Hanari Carnes,Rua do PaÃ§o,Rio de Janeiro,RJ,05454-876,Brazil
10771,ERNSH,9,4/20/2023,4/27/2023,4/21/2023,2,11.19,Ernst Handel,Kirchgasse 6,Graz,Austria,8010,Austria
10772,LEHMS,3,1/14/2020,1/30/2020,1/16/2020,2,91.28,Lehmanns Marktstand,Magazinweg 7,Frankfurt a.M.,Germany,60528,Germany
10773,ERNSH,1,4/1/2021,4/28/2021,4/8/2021,3,96.43,Ernst Handel,Kirchgasse 6,Graz,Austria,8010,Austria
10774,FOLKO,4,8/15/2022,9/9/2022,8/18/2022,1,48.2,Folk och fÃ¤ HB,Ã…kergatan 24,BrÃ¤cke,Sweden,S-844 67,Sweden
10775,THECR,7,12/3/2022,12/19/2022,12/4/2022,1,20.25,The Cracker Box,55 Grizzly Peak Rd.,Butte,MT,59801,USA
10776,ERNSH,1,10/31/2023,11/20/2023,11/7/2023,3,351.53,Ernst Handel,Kirchgasse 6,Graz,Austria,8010,Austria
10777,GOURL,7,6/19/2021,7/13/2021,6/25/2021,2,3.01,Gourmet Lanchonetes,Av. Brasil,Campinas,SP,04876-786,Brazil
10778,BERGS,3,12/19/2023,1/13/2024,12/24/2023,1,6.79,Berglunds snabbkÃ¶p,BerguvsvÃ¤gen  8,LuleÃ¥,Sweden,S-958 22,Sweden
10779,MORGK,3,4/5/2021,4/26/2021,4/8/2021,2,58.13,Morgenstern Gesundkost,Heerstr. 22,Leipzig,Germany,4179,Germany
10780,LILAS,2,8/23/2020,9/17/2020,8/23/2020,1,42.13,LILA-Supermercado,Carrera 52 con Ave. BolÃ­var #65-98 Llano Largo,Barquisimeto,Lara,3508,Venezuela
10781,WARTH,2,8/5/2024,8/16/2024,8/9/2024,3,73.16,Wartian Herkku,Torikatu 38,Oulu,Finland,90110,Finland
10782,CACTU,9,8/10/2023,8/18/2023,8/12/2023,3,1.1,Cactus Comidas para llevar,Cerrito 333,Buenos Aires,Argentina,1010,Argentina
10783,HANAR,4,12/10/2021,12/23/2021,12/12/2021,2,124.98,Hanari Carnes,Rua do PaÃ§o,Rio de Janeiro,RJ,05454-876,Brazil
10784,MAGAA,4,7/25/2023,8/17/2023,7/31/2023,3,70.09,Magazzini Alimentari Riuniti,Via Ludovico il Moro 22,Bergamo,Italy,24100,Italy
10785,GROSR,1,8/17/2023,9/9/2023,8/23/2023,3,1.51,GROSELLA-Restaurante,5Âª Ave. Los Palos Grandes,Caracas,DF,1081,Venezuela
10786,QUEEN,8,11/10/2022,11/17/2022,11/11/2022,1,110.87,Queen Cozinha,Alameda dos CanÃ rios,Sao Paulo,SP,05487-020,Brazil
10787,LAMAI,2,2/16/2023,3/7/2023,2/22/2023,1,249.93,La maison d'Asie,1 rue Alsace-Lorraine,Toulouse,France,31000,France
10788,QUICK,1,3/18/2023,4/8/2023,3/22/2023,2,42.7,QUICK-Stop,TaucherstraÃŸe 10,Cunewalde,Germany,1307,Germany
10789,FOLIG,1,10/10/2022,10/21/2022,10/13/2022,2,100.6,Folies gourmandes, chaussÃ©e de Tournai,Lille,France,59000,France
10790,GOURL,6,11/1/2020,11/23/2020,11/2/2020,1,28.23,Gourmet Lanchonetes,Av. Brasil,Campinas,SP,04876-786,Brazil
10791,FRANK,6,9/14/2021,10/12/2021,9/17/2021,2,16.85,Frankenversand,Berliner Platz 43,MÃ¼nchen,Germany,80805,Germany
10792,WOLZA,1,5/8/2024,6/4/2024,5/13/2024,3,23.79,Wolski Zajazd,ul. Filtrowa 68,Warszawa,Poland,01-012,Poland
10793,AROUT,3,5/17/2021,6/4/2021,5/20/2021,3,4.52,Around the Horn,Brook Farm Stratford St. Mary,Colchester,Essex,CO7 6JX,UK
10794,QUEDE,6,10/1/2021,10/8/2021,10/3/2021,1,21.49,Que DelÃ­cia,Rua da Panificadora,Rio de Janeiro,RJ,02389-673,Brazil
10795,ERNSH,8,10/26/2024,11/22/2024,10/31/2024,2,126.66,Ernst Handel,Kirchgasse 6,Graz,Austria,8010,Austria
10796,HILAA,3,8/16/2021,9/2/2021,8/18/2021,1,26.52,HILARION-Abastos,Carrera 22 con Ave. Carlos Soublette #8-35,San CristÃ³bal,TÃ¡chira,5022,Venezuela
10797,DRACD,7,12/14/2021,12/29/2021,12/15/2021,2,33.35,Drachenblut Delikatessen,Walserweg 21,Aachen,Germany,52066,Germany
10798,ISLAT,2,4/11/2021,4/29/2021,4/14/2021,1,2.33,Island Trading,Garden House Crowther Way,Cowes,Isle of Wight,PO31 7PJ,UK
10799,KOENE,9,12/26/2020,1/12/2021,12/28/2020,3,30.76,KÃ¶niglich Essen,Maubelstr. 90,Brandenburg,Germany,14776,Germany
10800,SEVES,1,7/14/2022,7/25/2022,7/15/2022,3,137.44,Seven Seas Imports,90 Wadhurst Rd.,London,UK,OX15 4NB,UK
10801,BOLID,4,1/1/2024,1/9/2024,1/5/2024,2,97.09,BÃ³lido Comidas preparadas,C/ Araquil,Madrid,Spain,28023,Spain
10802,SIMOB,4,4/17/2020,4/27/2020,4/18/2020,2,257.26,Simons bistro,VinbÃ¦ltet 34,Kobenhavn,Denmark,1734,Denmark
10803,WELLI,4,6/16/2022,7/11/2022,6/20/2022,1,55.23,Wellington Importadora,Rua do Mercado,Resende,SP,08737-363,Brazil
10804,SEVES,6,2/17/2020,3/9/2020,2/18/2020,2,27.33,Seven Seas Imports,90 Wadhurst Rd.,London,UK,OX15 4NB,UK
10805,THEBI,2,10/18/2024,10/27/2024,10/23/2024,3,237.34,The Big Cheese,89 Jefferson Way Suite 2,Portland,OR,97201,USA
10806,VICTE,3,6/4/2021,6/25/2021,6/8/2021,2,22.11,Victuailles en stock, rue du Commerce,Lyon,France,69004,France
10807,FRANS,4,2/8/2022,3/7/2022,2/11/2022,1,1.36,Franchi S.p.A.,Via Monte Bianco 34,Torino,Italy,10100,Italy
10808,OLDWO,2,9/4/2020,9/19/2020,9/10/2020,3,45.53,Old World Delicatessen,2743 Bering St.,Anchorage,AK,99508,USA
10809,WELLI,7,3/21/2024,4/4/2024,3/26/2024,1,4.87,Wellington Importadora,Rua do Mercado,Resende,SP,08737-363,Brazil
10810,LAUGB,2,1/29/2024,2/14/2024,1/30/2024,3,4.33,Laughing Bacchus Wine Cellars,2319 Elm St.,Vancouver,BC,V3F 2K1,Canada
10811,LINOD,8,7/21/2021,8/10/2021,7/27/2021,1,31.22,LINO-Delicateses,Ave. 5 de Mayo Porlamar,I. de Margarita,Nueva Esparta,4980,Venezuela
10812,REGGC,5,11/30/2021,12/28/2021,12/2/2021,1,59.78,Reggiani Caseifici,Strada Provinciale 124,Reggio Emilia,Italy,42100,Italy
10813,RICAR,1,9/6/2024,9/13/2024,9/10/2024,1,47.38,Ricardo Adocicados,Av. Copacabana,Rio de Janeiro,RJ,02389-890,Brazil
10814,VICTE,3,1/7/2022,1/31/2022,1/14/2022,3,130.94,Victuailles en stock, rue du Commerce,Lyon,France,69004,France
10815,SAVEA,2,5/13/2020,5/20/2020,5/13/2020,3,14.62,Save-a-lot Markets,187 Suffolk Ln.,Boise,ID,83720,USA
10816,GREAL,4,11/7/2022,11/15/2022,11/12/2022,2,719.78,Great Lakes Food Market,2732 Baker Blvd.,Eugene,OR,97403,USA
10817,KOENE,3,3/18/2022,4/4/2022,3/18/2022,2,306.07,KÃ¶niglich Essen,Maubelstr. 90,Brandenburg,Germany,14776,Germany
10818,MAGAA,7,11/23/2023,12/2/2023,11/25/2023,3,65.48,Magazzini Alimentari Riuniti,Via Ludovico il Moro 22,Bergamo,Italy,24100,Italy
10819,CACTU,2,9/11/2024,9/19/2024,9/12/2024,3,19.76,Cactus Comidas para llevar,Cerrito 333,Buenos Aires,Argentina,1010,Argentina
10820,RATTC,3,3/10/2021,3/25/2021,3/13/2021,2,37.52,Rattlesnake Canyon Grocery,2817 Milton Dr.,Albuquerque,NM,87110,USA
10821,SPLIR,1,10/20/2022,11/15/2022,10/22/2022,1,36.68,Split Rail Beer & Ale,P.O. Box 555,Lander,WY,82520,USA
10822,TRAIH,6,6/17/2022,6/28/2022,6/21/2022,3,7,Trail's Head Gourmet Provisioners,722 DaVinci Blvd.,Kirkland,WA,98034,USA
10823,LILAS,5,9/11/2022,10/3/2022,9/12/2022,2,163.97,LILA-Supermercado,Carrera 52 con Ave. BolÃ­var #65-98 Llano Largo,Barquisimeto,Lara,3508,Venezuela
10824,FOLKO,8,10/7/2022,10/25/2022,10/10/2022,1,1.23,Folk och fÃ¤ HB,Ã…kergatan 24,BrÃ¤cke,Sweden,S-844 67,Sweden
10825,DRACD,1,4/1/2022,4/10/2022,4/6/2022,1,79.25,Drachenblut Delikatessen,Walserweg 21,Aachen,Germany,52066,Germany
10826,BLONP,6,2/4/2023,3/2/2023,2/7/2023,1,7.09,Blondel pÃ¨re et fils, place KlÃ©ber,Strasbourg,France,67000,France
10827,BONAP,1,4/2/2022,4/19/2022,4/5/2022,2,63.54,Bon app', rue des Bouchers,Marseille,France,13008,France
10828,RANCH,9,11/20/2024,12/20/2024,11/20/2024,1,90.85,Rancho grande,Av. del Libertador 900,Buenos Aires,Argentina,1010,Argentina
10829,ISLAT,9,12/10/2024,12/19/2024,12/14/2024,1,154.72,Island Trading,Garden House Crowther Way,Cowes,Isle of Wight,PO31 7PJ,UK
10830,TRADH,4,7/16/2020,7/26/2020,7/17/2020,2,81.83,TradiÃ§ao Hipermercados,Av. InÃªs de Castro,Sao Paulo,SP,05634-030,Brazil
10831,SANTG,3,5/20/2024,6/14/2024,5/26/2024,2,72.19,SantÃ© Gourmet,Erling Skakkes gate 78,Stavern,Norway,4110,Norway
10832,LAMAI,2,8/25/2023,9/17/2023,9/1/2023,2,43.26,La maison d'Asie,1 rue Alsace-Lorraine,Toulouse,France,31000,France
10833,OTTIK,6,6/21/2020,7/16/2020,6/21/2020,2,71.49,Ottilies KÃ¤seladen,Mehrheimerstr. 369,KÃ¶ln,Germany,50739,Germany
10834,TRADH,1,10/26/2020,11/20/2020,10/27/2020,3,29.78,TradiÃ§ao Hipermercados,Av. InÃªs de Castro,Sao Paulo,SP,05634-030,Brazil
10835,ALFKI,1,6/14/2020,6/26/2020,6/18/2020,3,69.53,Alfred's Futterkiste,Obere Str. 57,Berlin,Germany,12209,Germany
10836,ERNSH,7,6/30/2020,7/17/2020,7/4/2020,1,411.88,Ernst Handel,Kirchgasse 6,Graz,Austria,8010,Austria
10837,BERGS,9,1/2/2021,1/23/2021,1/2/2021,3,13.32,Berglunds snabbkÃ¶p,BerguvsvÃ¤gen  8,LuleÃ¥,Sweden,S-958 22,Sweden
10838,LINOD,3,3/18/2023,4/16/2023,3/22/2023,3,59.28,LINO-Delicateses,Ave. 5 de Mayo Porlamar,I. de Margarita,Nueva Esparta,4980,Venezuela
10839,TRADH,3,7/21/2022,8/8/2022,7/27/2022,3,35.43,TradiÃ§ao Hipermercados,Av. InÃªs de Castro,Sao Paulo,SP,05634-030,Brazil
10840,LINOD,4,7/16/2023,8/12/2023,7/16/2023,2,2.71,LINO-Delicateses,Ave. 5 de Mayo Porlamar,I. de Margarita,Nueva Esparta,4980,Venezuela
10841,SUPRD,5,8/1/2020,8/14/2020,8/3/2020,2,424.3,SuprÃªmes dÃ©lices,Boulevard Tirou,Charleroi,Belgium,B-6000,Belgium
10842,TORTU,1,12/7/2021,12/17/2021,12/10/2021,3,54.42,Tortuga Restaurante,Avda. Azteca 123,MÃ©xico D.F.,Mexico,5033,Mexico
10843,VICTE,4,12/30/2022,1/24/2023,1/4/2023,2,9.26,Victuailles en stock, rue du Commerce,Lyon,France,69004,France
10844,PICCO,8,4/26/2020,5/25/2020,4/27/2020,2,25.22,Piccolo und mehr,Geislweg 14,Salzburg,Austria,5020,Austria
10845,QUICK,8,1/31/2022,2/17/2022,2/4/2022,1,212.98,QUICK-Stop,TaucherstraÃŸe 10,Cunewalde,Germany,1307,Germany
10846,SUPRD,2,8/15/2022,9/9/2022,8/20/2022,3,56.46,SuprÃªmes dÃ©lices,Boulevard Tirou,Charleroi,Belgium,B-6000,Belgium
10847,SAVEA,4,6/5/2022,7/2/2022,6/8/2022,3,487.57,Save-a-lot Markets,187 Suffolk Ln.,Boise,ID,83720,USA
10848,CONSH,7,4/15/2022,4/26/2022,4/21/2022,2,38.24,Consolidated Holdings,Berkeley Gardens 12  Brewery,London,UK,WX1 6LT,UK
10849,KOENE,9,2/15/2023,3/15/2023,2/19/2023,2,0.56,KÃ¶niglich Essen,Maubelstr. 90,Brandenburg,Germany,14776,Germany
10850,VICTE,1,4/24/2024,5/17/2024,4/27/2024,1,49.19,Victuailles en stock, rue du Commerce,Lyon,France,69004,France
10851,RICAR,5,10/15/2021,11/13/2021,10/20/2021,1,160.55,Ricardo Adocicados,Av. Copacabana,Rio de Janeiro,RJ,02389-890,Brazil
10852,RATTC,8,1/28/2022,2/23/2022,1/29/2022,1,174.05,Rattlesnake Canyon Grocery,2817 Milton Dr.,Albuquerque,NM,87110,USA
10853,BLAUS,9,10/20/2024,11/16/2024,10/26/2024,2,53.83,Blauer See Delikatessen,Forsterstr. 57,Mannheim,Germany,68306,Germany
10854,ERNSH,3,4/15/2020,5/6/2020,4/21/2020,2,100.22,Ernst Handel,Kirchgasse 6,Graz,Austria,8010,Austria
10855,OLDWO,3,1/29/2022,2/21/2022,2/3/2022,1,170.97,Old World Delicatessen,2743 Bering St.,Anchorage,AK,99508,USA
10856,ANTON,3,11/2/2021,11/20/2021,11/6/2021,2,58.43,Antonio Moreno TaquerÃ­a,Mataderos  2312,MÃ©xico D.F.,Mexico,5023,Mexico
10857,BERGS,8,8/17/2022,9/14/2022,8/18/2022,2,188.85,Berglunds snabbkÃ¶p,BerguvsvÃ¤gen  8,LuleÃ¥,Sweden,S-958 22,Sweden
10858,LACOR,2,11/27/2024,12/12/2024,11/28/2024,1,52.51,La corne d'abondance, avenue de l'Europe,Versailles,France,78000,France
10859,FRANK,1,6/7/2022,6/24/2022,6/10/2022,2,76.1,Frankenversand,Berliner Platz 43,MÃ¼nchen,Germany,80805,Germany
10860,FRANR,3,2/12/2022,3/10/2022,2/13/2022,3,19.26,France restauration, rue Royale,Nantes,France,44000,France
10861,WHITC,4,4/10/2024,4/25/2024,4/13/2024,2,14.93,White Clover Markets,1029 - 12th Ave. S.,Seattle,WA,98124,USA
10862,LEHMS,8,9/1/2024,9/18/2024,9/8/2024,2,53.23,Lehmanns Marktstand,Magazinweg 7,Frankfurt a.M.,Germany,60528,Germany
10863,HILAA,4,1/19/2024,2/5/2024,1/23/2024,2,30.26,HILARION-Abastos,Carrera 22 con Ave. Carlos Soublette #8-35,San CristÃ³bal,TÃ¡chira,5022,Venezuela
10864,AROUT,4,7/24/2020,8/18/2020,7/30/2020,2,3.04,Around the Horn,Brook Farm Stratford St. Mary,Colchester,Essex,CO7 6JX,UK
10865,QUICK,2,8/20/2022,9/3/2022,8/24/2022,1,348.14,QUICK-Stop,TaucherstraÃŸe 10,Cunewalde,Germany,1307,Germany
10866,BERGS,5,6/7/2022,7/7/2022,6/9/2022,1,109.11,Berglunds snabbkÃ¶p,BerguvsvÃ¤gen  8,LuleÃ¥,Sweden,S-958 22,Sweden
10867,LONEP,6,10/25/2020,11/14/2020,10/29/2020,1,1.93,Lonesome Pine Restaurant,89 Chiaroscuro Rd.,Portland,OR,97219,USA
10868,QUEEN,7,7/3/2021,7/24/2021,7/10/2021,2,191.27,Queen Cozinha,Alameda dos CanÃ rios,Sao Paulo,SP,05487-020,Brazil
10869,SEVES,5,3/30/2020,4/13/2020,4/1/2020,1,143.28,Seven Seas Imports,90 Wadhurst Rd.,London,UK,OX15 4NB,UK
10870,WOLZA,5,11/12/2021,11/25/2021,11/12/2021,3,12.04,Wolski Zajazd,ul. Filtrowa 68,Warszawa,Poland,01-012,Poland
10871,BONAP,9,3/6/2022,3/19/2022,3/10/2022,2,112.27,Bon app', rue des Bouchers,Marseille,France,13008,France
10872,GODOS,5,11/23/2021,12/17/2021,11/30/2021,2,175.32,Godos Cocina TÃ­pica,C/ Romero,Sevilla,Spain,41101,Spain
10873,WILMK,4,6/27/2020,7/4/2020,7/4/2020,1,0.82,Wilman Kala,Keskuskatu 45,Helsinki,Finland,21240,Finland
10874,GODOS,5,4/13/2021,4/23/2021,4/15/2021,2,19.58,Godos Cocina TÃ­pica,C/ Romero,Sevilla,Spain,41101,Spain
10875,BERGS,4,8/29/2020,9/7/2020,9/2/2020,2,32.37,Berglunds snabbkÃ¶p,BerguvsvÃ¤gen  8,LuleÃ¥,Sweden,S-958 22,Sweden
10876,BONAP,7,1/31/2023,2/11/2023,2/5/2023,3,60.42,Bon app', rue des Bouchers,Marseille,France,13008,France
10877,RICAR,1,9/10/2023,10/5/2023,9/16/2023,1,38.06,Ricardo Adocicados,Av. Copacabana,Rio de Janeiro,RJ,02389-890,Brazil
10878,QUICK,4,5/28/2023,6/26/2023,5/31/2023,1,46.69,QUICK-Stop,TaucherstraÃŸe 10,Cunewalde,Germany,1307,Germany
10879,WILMK,3,3/6/2022,4/4/2022,3/6/2022,3,8.5,Wilman Kala,Keskuskatu 45,Helsinki,Finland,21240,Finland
10880,FOLKO,7,10/22/2020,11/5/2020,10/25/2020,1,88.01,Folk och fÃ¤ HB,Ã…kergatan 24,BrÃ¤cke,Sweden,S-844 67,Sweden
10881,CACTU,4,7/16/2020,8/15/2020,7/23/2020,1,2.84,Cactus Comidas para llevar,Cerrito 333,Buenos Aires,Argentina,1010,Argentina
10882,SAVEA,4,9/14/2020,10/11/2020,9/15/2020,3,23.1,Save-a-lot Markets,187 Suffolk Ln.,Boise,ID,83720,USA
10883,LONEP,8,2/15/2022,3/16/2022,2/20/2022,3,0.53,Lonesome Pine Restaurant,89 Chiaroscuro Rd.,Portland,OR,97219,USA
10884,LETSS,4,4/4/2022,4/16/2022,4/8/2022,2,90.97,Let's Stop N Shop,87 Polk St. Suite 5,San Francisco,CA,94117,USA
10885,SUPRD,6,2/24/2022,3/3/2022,3/1/2022,3,5.64,SuprÃªmes dÃ©lices,Boulevard Tirou,Charleroi,Belgium,B-6000,Belgium
10886,HANAR,1,1/15/2021,2/1/2021,1/16/2021,1,4.99,Hanari Carnes,Rua do PaÃ§o,Rio de Janeiro,RJ,05454-876,Brazil
10887,GALED,8,6/29/2022,7/17/2022,6/29/2022,3,1.25,GalerÃ­a del gastronÃ³mo,Rambla de CataluÃ±a,Barcelona,Spain,8022,Spain
10888,GODOS,1,8/3/2022,8/16/2022,8/5/2022,2,51.87,Godos Cocina TÃ­pica,C/ Romero,Sevilla,Spain,41101,Spain
10889,RATTC,9,4/16/2024,5/7/2024,4/19/2024,3,280.61,Rattlesnake Canyon Grocery,2817 Milton Dr.,Albuquerque,NM,87110,USA
10890,DUMON,7,5/5/2023,5/21/2023,5/6/2023,1,32.76,Du monde entier, rue des Cinquante Otages,Nantes,France,44000,France
10891,LEHMS,7,10/6/2020,10/27/2020,10/10/2020,2,20.37,Lehmanns Marktstand,Magazinweg 7,Frankfurt a.M.,Germany,60528,Germany
10892,MAISD,4,6/24/2023,7/18/2023,6/28/2023,2,120.27,Maison Dewey,Rue Joseph-Bens 532,Bruxelles,Belgium,B-1180,Belgium
10893,KOENE,9,9/18/2021,10/3/2021,9/19/2021,2,77.78,KÃ¶niglich Essen,Maubelstr. 90,Brandenburg,Germany,14776,Germany
10894,SAVEA,1,4/5/2024,4/23/2024,4/11/2024,1,116.13,Save-a-lot Markets,187 Suffolk Ln.,Boise,ID,83720,USA
10895,ERNSH,3,1/5/2020,1/21/2020,1/7/2020,1,162.75,Ernst Handel,Kirchgasse 6,Graz,Austria,8010,Austria
10896,MAISD,7,11/15/2020,12/6/2020,11/19/2020,3,32.45,Maison Dewey,Rue Joseph-Bens 532,Bruxelles,Belgium,B-1180,Belgium
10897,HUNGO,3,1/28/2023,2/22/2023,1/28/2023,2,603.54,Hungry Owl All-Night Grocers,8 Johnstown Road,Cork,Co. Cork,NULL,Ireland
10898,OCEAN,4,9/1/2024,9/12/2024,9/2/2024,2,1.27,OcÃ©ano AtlÃ¡ntico Ltda.,Ing. Gustavo Moncada 8585 Piso 20-A,Buenos Aires,Argentina,1010,Argentina
10899,LILAS,5,4/20/2022,5/19/2022,4/20/2022,3,1.21,LILA-Supermercado,Carrera 52 con Ave. BolÃ­var #65-98 Llano Largo,Barquisimeto,Lara,3508,Venezuela
10900,WELLI,1,12/26/2023,1/20/2024,1/1/2024,2,1.66,Wellington Importadora,Rua do Mercado,Resende,SP,08737-363,Brazil
10901,HILAA,4,10/3/2024,11/1/2024,10/5/2024,1,62.09,HILARION-Abastos,Carrera 22 con Ave. Carlos Soublette #8-35,San CristÃ³bal,TÃ¡chira,5022,Venezuela
10902,FOLKO,1,6/15/2023,6/22/2023,6/16/2023,1,44.15,Folk och fÃ¤ HB,Ã…kergatan 24,BrÃ¤cke,Sweden,S-844 67,Sweden
10903,HANAR,3,7/7/2024,7/31/2024,7/7/2024,3,36.71,Hanari Carnes,Rua do PaÃ§o,Rio de Janeiro,RJ,05454-876,Brazil
10904,WHITC,3,1/13/2022,2/8/2022,1/18/2022,3,162.95,White Clover Markets,1029 - 12th Ave. S.,Seattle,WA,98124,USA
10905,WELLI,9,11/2/2022,11/15/2022,11/7/2022,2,13.72,Wellington Importadora,Rua do Mercado,Resende,SP,08737-363,Brazil
10906,WOLZA,4,8/28/2024,9/15/2024,8/28/2024,3,26.29,Wolski Zajazd,ul. Filtrowa 68,Warszawa,Poland,01-012,Poland
10907,SPECD,6,7/21/2023,8/10/2023,7/27/2023,3,9.19,SpÃ©cialitÃ©s du monde, rue Lauriston,Paris,France,75016,France
10908,REGGC,4,8/27/2022,9/8/2022,9/3/2022,2,32.96,Reggiani Caseifici,Strada Provinciale 124,Reggio Emilia,Italy,42100,Italy
10909,SANTG,1,4/25/2022,5/9/2022,4/26/2022,2,53.05,SantÃ© Gourmet,Erling Skakkes gate 78,Stavern,Norway,4110,Norway
10910,WILMK,1,11/10/2023,11/21/2023,11/16/2023,3,38.11,Wilman Kala,Keskuskatu 45,Helsinki,Finland,21240,Finland
10911,GODOS,3,2/17/2021,3/12/2021,2/18/2021,1,38.19,Godos Cocina TÃ­pica,C/ Romero,Sevilla,Spain,41101,Spain
10912,HUNGO,2,2/6/2023,2/19/2023,2/10/2023,2,580.91,Hungry Owl All-Night Grocers,8 Johnstown Road,Cork,Co. Cork,NULL,Ireland
10913,QUEEN,4,7/8/2022,8/1/2022,7/10/2022,1,33.05,Queen Cozinha,Alameda dos CanÃ rios,Sao Paulo,SP,05487-020,Brazil
10914,QUEEN,6,9/12/2020,9/20/2020,9/15/2020,1,21.19,Queen Cozinha,Alameda dos CanÃ rios,Sao Paulo,SP,05487-020,Brazil
10915,TORTU,2,3/13/2022,3/31/2022,3/18/2022,2,3.51,Tortuga Restaurante,Avda. Azteca 123,MÃ©xico D.F.,Mexico,5033,Mexico
10916,RANCH,1,8/4/2023,8/28/2023,8/7/2023,2,63.77,Rancho grande,Av. del Libertador 900,Buenos Aires,Argentina,1010,Argentina
10917,ROMEY,4,6/30/2020,7/27/2020,7/6/2020,2,8.29,Romero y tomillo,Gran VÃ­a,Madrid,Spain,28001,Spain
10918,BOTTM,3,12/11/2024,12/21/2024,12/15/2024,3,48.83,Bottom-Dollar Markets,23 Tsawassen Blvd.,Tsawassen,BC,T2F 8M4,Canada
10919,LINOD,2,10/7/2021,10/19/2021,10/9/2021,2,19.8,LINO-Delicateses,Ave. 5 de Mayo Porlamar,I. de Margarita,Nueva Esparta,4980,Venezuela
10920,AROUT,4,12/24/2024,1/11/2025,12/27/2024,2,29.61,Around the Horn,Brook Farm Stratford St. Mary,Colchester,Essex,CO7 6JX,UK
10921,VAFFE,1,4/29/2020,5/27/2020,5/6/2020,1,176.48,Vaffeljernet,Smagsloget 45,Ã…rhus,Denmark,8200,Denmark
10922,HANAR,5,11/19/2020,11/26/2020,11/21/2020,3,62.74,Hanari Carnes,Rua do PaÃ§o,Rio de Janeiro,RJ,05454-876,Brazil
10923,LAMAI,7,7/4/2020,7/21/2020,7/8/2020,3,68.26,La maison d'Asie,1 rue Alsace-Lorraine,Toulouse,France,31000,France
10924,BERGS,3,7/24/2024,8/5/2024,7/24/2024,2,151.52,Berglunds snabbkÃ¶p,BerguvsvÃ¤gen  8,LuleÃ¥,Sweden,S-958 22,Sweden
10925,HANAR,3,12/13/2023,12/21/2023,12/17/2023,1,2.27,Hanari Carnes,Rua do PaÃ§o,Rio de Janeiro,RJ,05454-876,Brazil
10926,ANATR,4,11/25/2020,12/2/2020,11/25/2020,3,39.92,Ana Trujillo Emparedados y helados,Avda. de la ConstituciÃ³n 2222,MÃ©xico D.F.,Mexico,5021,Mexico
10927,LACOR,4,10/17/2020,11/13/2020,10/17/2020,1,19.79,La corne d'abondance, avenue de l'Europe,Versailles,France,78000,France
10928,GALED,1,6/16/2024,7/1/2024,6/21/2024,1,1.36,GalerÃ­a del gastronÃ³mo,Rambla de CataluÃ±a,Barcelona,Spain,8022,Spain
10929,FRANK,6,11/20/2024,12/9/2024,11/21/2024,1,33.93,Frankenversand,Berliner Platz 43,MÃ¼nchen,Germany,80805,Germany
10930,SUPRD,4,4/6/2023,5/6/2023,4/13/2023,3,15.55,SuprÃªmes dÃ©lices,Boulevard Tirou,Charleroi,Belgium,B-6000,Belgium
10931,RICSU,4,5/21/2024,6/13/2024,5/26/2024,2,13.6,Richter Supermarkt,Starenweg 5,GenÃ¨ve,Switzerland,1204,Switzerland
10932,BONAP,8,10/24/2023,11/20/2023,10/26/2023,1,134.64,Bon app', rue des Bouchers,Marseille,France,13008,France
10933,ISLAT,6,6/11/2021,6/21/2021,6/18/2021,3,54.15,Island Trading,Garden House Crowther Way,Cowes,Isle of Wight,PO31 7PJ,UK
10934,LEHMS,3,12/11/2020,12/29/2020,12/16/2020,3,32.01,Lehmanns Marktstand,Magazinweg 7,Frankfurt a.M.,Germany,60528,Germany
10935,WELLI,4,12/10/2024,1/3/2025,12/11/2024,3,47.59,Wellington Importadora,Rua do Mercado,Resende,SP,08737-363,Brazil
10936,GREAL,3,7/7/2021,7/16/2021,7/9/2021,2,33.68,Great Lakes Food Market,2732 Baker Blvd.,Eugene,OR,97403,USA
10937,CACTU,7,1/20/2023,2/6/2023,1/22/2023,3,31.51,Cactus Comidas para llevar,Cerrito 333,Buenos Aires,Argentina,1010,Argentina
10938,QUICK,3,5/13/2020,5/26/2020,5/20/2020,2,31.89,QUICK-Stop,TaucherstraÃŸe 10,Cunewalde,Germany,1307,Germany
10939,MAGAA,2,7/26/2023,8/15/2023,7/29/2023,2,76.33,Magazzini Alimentari Riuniti,Via Ludovico il Moro 22,Bergamo,Italy,24100,Italy
10940,BONAP,8,1/19/2021,2/2/2021,1/25/2021,3,19.77,Bon app', rue des Bouchers,Marseille,France,13008,France
10941,SAVEA,7,3/23/2023,4/3/2023,3/25/2023,2,400.81,Save-a-lot Markets,187 Suffolk Ln.,Boise,ID,83720,USA
10942,REGGC,9,7/1/2024,7/21/2024,7/1/2024,3,17.95,Reggiani Caseifici,Strada Provinciale 124,Reggio Emilia,Italy,42100,Italy
10943,BSBEV,4,2/7/2022,2/15/2022,2/8/2022,2,2.17,B's Beverages,Fauntleroy Circus,London,UK,EC2 5NT,UK
10944,BOTTM,6,1/20/2020,2/2/2020,1/20/2020,3,52.92,Bottom-Dollar Markets,23 Tsawassen Blvd.,Tsawassen,BC,T2F 8M4,Canada
10945,MORGK,4,7/15/2021,8/10/2021,7/17/2021,1,10.22,Morgenstern Gesundkost,Heerstr. 22,Leipzig,Germany,4179,Germany
10946,VAFFE,1,1/13/2022,1/26/2022,1/17/2022,2,27.2,Vaffeljernet,Smagsloget 45,Ã…rhus,Denmark,8200,Denmark
10947,BSBEV,3,10/2/2023,10/26/2023,10/7/2023,2,3.26,B's Beverages,Fauntleroy Circus,London,UK,EC2 5NT,UK
10948,GODOS,3,8/22/2024,9/3/2024,8/28/2024,3,23.39,Godos Cocina TÃ­pica,C/ Romero,Sevilla,Spain,41101,Spain
10949,BOTTM,2,4/2/2021,4/29/2021,4/5/2021,3,74.44,Bottom-Dollar Markets,23 Tsawassen Blvd.,Tsawassen,BC,T2F 8M4,Canada
10950,MAGAA,1,1/8/2023,2/6/2023,1/9/2023,2,2.5,Magazzini Alimentari Riuniti,Via Ludovico il Moro 22,Bergamo,Italy,24100,Italy
10951,RICSU,9,7/31/2023,8/19/2023,8/7/2023,2,30.85,Richter Supermarkt,Starenweg 5,GenÃ¨ve,Switzerland,1204,Switzerland
10952,ALFKI,1,5/26/2024,6/15/2024,5/27/2024,1,40.42,Alfred's Futterkiste,Obere Str. 57,Berlin,Germany,12209,Germany
10953,AROUT,9,8/15/2024,8/29/2024,8/16/2024,2,23.72,Around the Horn,Brook Farm Stratford St. Mary,Colchester,Essex,CO7 6JX,UK
10954,LINOD,5,6/16/2020,7/4/2020,6/18/2020,1,27.91,LINO-Delicateses,Ave. 5 de Mayo Porlamar,I. de Margarita,Nueva Esparta,4980,Venezuela
10955,FOLKO,8,3/17/2022,3/31/2022,3/20/2022,2,3.26,Folk och fÃ¤ HB,Ã…kergatan 24,BrÃ¤cke,Sweden,S-844 67,Sweden
10956,BLAUS,6,4/2/2021,4/19/2021,4/9/2021,2,44.65,Blauer See Delikatessen,Forsterstr. 57,Mannheim,Germany,68306,Germany
10957,HILAA,8,2/3/2023,2/11/2023,2/5/2023,3,105.36,HILARION-Abastos,Carrera 22 con Ave. Carlos Soublette #8-35,San CristÃ³bal,TÃ¡chira,5022,Venezuela
10958,OCEAN,7,6/29/2020,7/26/2020,7/2/2020,2,49.56,OcÃ©ano AtlÃ¡ntico Ltda.,Ing. Gustavo Moncada 8585 Piso 20-A,Buenos Aires,Argentina,1010,Argentina
10959,GOURL,6,9/1/2021,9/15/2021,9/5/2021,2,4.98,Gourmet Lanchonetes,Av. Brasil,Campinas,SP,04876-786,Brazil
10960,HILAA,3,6/8/2023,7/2/2023,6/9/2023,1,2.08,HILARION-Abastos,Carrera 22 con Ave. Carlos Soublette #8-35,San CristÃ³bal,TÃ¡chira,5022,Venezuela
10961,QUEEN,8,1/22/2023,1/31/2023,1/27/2023,1,104.47,Queen Cozinha,Alameda dos CanÃ rios,Sao Paulo,SP,05487-020,Brazil
10962,QUICK,8,10/10/2024,10/19/2024,10/13/2024,2,275.79,QUICK-Stop,TaucherstraÃŸe 10,Cunewalde,Germany,1307,Germany
10963,FURIB,9,2/15/2024,2/22/2024,2/21/2024,3,2.7,Furia Bacalhau e Frutos do Mar,Jardim das rosas n. 32,Lisboa,Portugal,1675,Portugal
10964,SPECD,3,7/9/2022,7/20/2022,7/13/2022,2,87.38,SpÃ©cialitÃ©s du monde, rue Lauriston,Paris,France,75016,France
10965,OLDWO,6,1/12/2020,1/26/2020,1/17/2020,3,144.38,Old World Delicatessen,2743 Bering St.,Anchorage,AK,99508,USA
10966,CHOPS,4,3/15/2020,3/29/2020,3/16/2020,1,27.19,Chop-suey Chinese,Hauptstr. 31,Bern,Switzerland,3012,Switzerland
10967,TOMSP,2,9/14/2020,9/30/2020,9/17/2020,2,62.22,Toms SpezialitÃ¤ten,Luisenstr. 48,MÃ¼nster,Germany,44087,Germany
10968,ERNSH,1,7/14/2020,8/1/2020,7/21/2020,3,74.6,Ernst Handel,Kirchgasse 6,Graz,Austria,8010,Austria
10969,COMMI,1,9/27/2024,10/18/2024,9/30/2024,2,0.21,ComÃ©rcio Mineiro,Av. dos LusÃ­adas,Sao Paulo,SP,05432-043,Brazil
10970,BOLID,9,10/9/2022,11/5/2022,10/15/2022,1,16.16,BÃ³lido Comidas preparadas,C/ Araquil,Madrid,Spain,28023,Spain
10971,FRANR,2,12/12/2022,1/1/2023,12/13/2022,2,121.82,France restauration, rue Royale,Nantes,France,44000,France
10972,LACOR,4,5/30/2024,6/10/2024,6/2/2024,2,0.02,La corne d'abondance, avenue de l'Europe,Versailles,France,78000,France
10973,LACOR,6,8/3/2020,8/19/2020,8/9/2020,2,15.17,La corne d'abondance, avenue de l'Europe,Versailles,France,78000,France
10974,SPLIR,3,2/8/2024,2/20/2024,2/12/2024,3,12.96,Split Rail Beer & Ale,P.O. Box 555,Lander,WY,82520,USA
10975,BOTTM,1,11/6/2023,11/17/2023,11/11/2023,3,32.27,Bottom-Dollar Markets,23 Tsawassen Blvd.,Tsawassen,BC,T2F 8M4,Canada
10976,HILAA,1,12/31/2023,1/20/2024,1/7/2024,1,37.97,HILARION-Abastos,Carrera 22 con Ave. Carlos Soublette #8-35,San CristÃ³bal,TÃ¡chira,5022,Venezuela
10977,FOLKO,8,6/4/2024,6/22/2024,6/7/2024,3,208.5,Folk och fÃ¤ HB,Ã…kergatan 24,BrÃ¤cke,Sweden,S-844 67,Sweden
10978,MAISD,9,9/19/2024,10/11/2024,9/19/2024,2,32.82,Maison Dewey,Rue Joseph-Bens 532,Bruxelles,Belgium,B-1180,Belgium
10979,ERNSH,8,5/4/2021,6/1/2021,5/4/2021,2,353.07,Ernst Handel,Kirchgasse 6,Graz,Austria,8010,Austria
10980,FOLKO,4,4/24/2021,5/11/2021,4/27/2021,1,1.26,Folk och fÃ¤ HB,Ã…kergatan 24,BrÃ¤cke,Sweden,S-844 67,Sweden
10981,HANAR,1,3/19/2020,4/9/2020,3/24/2020,2,193.37,Hanari Carnes,Rua do PaÃ§o,Rio de Janeiro,RJ,05454-876,Brazil
10982,BOTTM,2,7/26/2020,8/13/2020,7/26/2020,1,14.01,Bottom-Dollar Markets,23 Tsawassen Blvd.,Tsawassen,BC,T2F 8M4,Canada
10983,SAVEA,2,4/5/2020,4/25/2020,4/5/2020,2,657.54,Save-a-lot Markets,187 Suffolk Ln.,Boise,ID,83720,USA
10984,SAVEA,1,10/17/2023,11/15/2023,10/17/2023,3,211.22,Save-a-lot Markets,187 Suffolk Ln.,Boise,ID,83720,USA
10985,HUNGO,2,2/6/2021,2/16/2021,2/8/2021,1,91.51,Hungry Owl All-Night Grocers,8 Johnstown Road,Cork,Co. Cork,NULL,Ireland
10986,OCEAN,8,12/2/2024,1/1/2025,12/2/2024,2,217.86,OcÃ©ano AtlÃ¡ntico Ltda.,Ing. Gustavo Moncada 8585 Piso 20-A,Buenos Aires,Argentina,1010,Argentina
10987,EASTC,8,2/1/2024,2/29/2024,2/6/2024,1,185.48,Eastern Connection,35 King George,London,UK,WX3 6FW,UK
10988,RATTC,3,3/25/2024,4/8/2024,3/26/2024,2,61.14,Rattlesnake Canyon Grocery,2817 Milton Dr.,Albuquerque,NM,87110,USA
10989,QUEDE,2,10/3/2022,10/19/2022,10/10/2022,1,34.76,Que DelÃ­cia,Rua da Panificadora,Rio de Janeiro,RJ,02389-673,Brazil
10990,ERNSH,2,11/25/2023,12/4/2023,11/27/2023,3,117.61,Ernst Handel,Kirchgasse 6,Graz,Austria,8010,Austria
10991,QUICK,1,8/31/2020,9/22/2020,9/5/2020,1,38.51,QUICK-Stop,TaucherstraÃŸe 10,Cunewalde,Germany,1307,Germany
10992,THEBI,1,11/1/2023,11/22/2023,11/6/2023,3,4.27,The Big Cheese,89 Jefferson Way Suite 2,Portland,OR,97201,USA
10993,FOLKO,7,3/13/2020,4/10/2020,3/18/2020,3,8.81,Folk och fÃ¤ HB,Ã…kergatan 24,BrÃ¤cke,Sweden,S-844 67,Sweden
10994,VAFFE,2,6/23/2022,7/17/2022,6/24/2022,3,65.53,Vaffeljernet,Smagsloget 45,Ã…rhus,Denmark,8200,Denmark
10995,PERIC,1,2/11/2022,3/1/2022,2/18/2022,3,46,Pericles Comidas clÃ¡sicas,Calle Dr. Jorge Cash 321,MÃ©xico D.F.,Mexico,5033,Mexico
10996,QUICK,4,10/3/2023,10/20/2023,10/5/2023,2,1.12,QUICK-Stop,TaucherstraÃŸe 10,Cunewalde,Germany,1307,Germany
10997,LILAS,8,9/30/2022,10/10/2022,10/7/2022,2,73.91,LILA-Supermercado,Carrera 52 con Ave. BolÃ­var #65-98 Llano Largo,Barquisimeto,Lara,3508,Venezuela
10998,WOLZA,8,12/31/2024,1/23/2025,1/4/2025,2,20.31,Wolski Zajazd,ul. Filtrowa 68,Warszawa,Poland,01-012,Poland
10999,OTTIK,6,3/13/2023,3/28/2023,3/18/2023,2,96.35,Ottilies KÃ¤seladen,Mehrheimerstr. 369,KÃ¶ln,Germany,50739,Germany
11000,RATTC,2,9/12/2022,10/11/2022,9/19/2022,3,55.12,Rattlesnake Canyon Grocery,2817 Milton Dr.,Albuquerque,NM,87110,USA
11001,FOLKO,2,10/24/2024,11/4/2024,10/28/2024,2,197.3,Folk och fÃ¤ HB,Ã…kergatan 24,BrÃ¤cke,Sweden,S-844 67,Sweden
11002,SAVEA,4,1/11/2022,2/6/2022,1/12/2022,1,141.16,Save-a-lot Markets,187 Suffolk Ln.,Boise,ID,83720,USA
11003,THECR,3,5/23/2022,6/4/2022,5/26/2022,3,14.91,The Cracker Box,55 Grizzly Peak Rd.,Butte,MT,59801,USA
11004,MAISD,3,1/22/2024,2/8/2024,1/29/2024,1,44.84,Maison Dewey,Rue Joseph-Bens 532,Bruxelles,Belgium,B-1180,Belgium
11005,WILMK,2,10/13/2020,11/7/2020,10/13/2020,1,0.75,Wilman Kala,Keskuskatu 45,Helsinki,Finland,21240,Finland
11006,GREAL,3,2/28/2023,3/7/2023,3/1/2023,2,25.19,Great Lakes Food Market,2732 Baker Blvd.,Eugene,OR,97403,USA
11007,PRINI,8,12/16/2024,1/14/2025,12/16/2024,2,202.24,Princesa Isabel Vinhos,Estrada da saÃºde n. 58,Lisboa,Portugal,1756,Portugal
11008,ERNSH,7,8/9/2024,9/3/2024,8/10/2024,3,79.46,Ernst Handel,Kirchgasse 6,Graz,Austria,8010,Austria
11009,GODOS,2,1/1/2020,1/24/2020,1/1/2020,1,59.11,Godos Cocina TÃ­pica,C/ Romero,Sevilla,Spain,41101,Spain
11010,REGGC,2,9/28/2024,10/22/2024,9/29/2024,2,28.71,Reggiani Caseifici,Strada Provinciale 124,Reggio Emilia,Italy,42100,Italy
11011,ALFKI,3,12/9/2024,12/21/2024,12/9/2024,1,1.21,Alfred's Futterkiste,Obere Str. 57,Berlin,Germany,12209,Germany
11012,FRANK,1,6/22/2021,7/1/2021,6/26/2021,3,242.95,Frankenversand,Berliner Platz 43,MÃ¼nchen,Germany,80805,Germany
11013,ROMEY,2,7/3/2023,7/13/2023,7/3/2023,1,32.99,Romero y tomillo,Gran VÃ­a,Madrid,Spain,28001,Spain
11014,LINOD,2,7/27/2024,8/9/2024,8/2/2024,3,23.6,LINO-Delicateses,Ave. 5 de Mayo Porlamar,I. de Margarita,Nueva Esparta,4980,Venezuela
11015,SANTG,2,11/27/2023,12/18/2023,12/4/2023,2,4.62,SantÃ© Gourmet,Erling Skakkes gate 78,Stavern,Norway,4110,Norway
11016,AROUT,9,6/22/2022,7/10/2022,6/24/2022,2,33.8,Around the Horn,Brook Farm Stratford St. Mary,Colchester,Essex,CO7 6JX,UK
11017,ERNSH,9,11/24/2022,12/24/2022,11/28/2022,2,754.26,Ernst Handel,Kirchgasse 6,Graz,Austria,8010,Austria
11018,LONEP,4,3/7/2023,3/23/2023,3/12/2023,2,11.65,Lonesome Pine Restaurant,89 Chiaroscuro Rd.,Portland,OR,97219,USA
11019,RANCH,6,12/26/2024,1/19/2025,1/2/2025,3,3.17,Rancho grande,Av. del Libertador 900,Buenos Aires,Argentina,1010,Argentina
11020,OTTIK,2,10/24/2020,11/19/2020,10/27/2020,2,43.3,Ottilies KÃ¤seladen,Mehrheimerstr. 369,KÃ¶ln,Germany,50739,Germany
11021,QUICK,3,9/28/2024,10/18/2024,10/4/2024,1,297.18,QUICK-Stop,TaucherstraÃŸe 10,Cunewalde,Germany,1307,Germany
11022,HANAR,9,8/4/2022,8/23/2022,8/5/2022,2,6.27,Hanari Carnes,Rua do PaÃ§o,Rio de Janeiro,RJ,05454-876,Brazil
11023,BSBEV,1,8/1/2024,8/27/2024,8/3/2024,2,123.83,B's Beverages,Fauntleroy Circus,London,UK,EC2 5NT,UK
11024,EASTC,4,11/3/2022,11/12/2022,11/7/2022,1,74.36,Eastern Connection,35 King George,London,UK,WX3 6FW,UK
11025,WARTH,6,5/7/2024,5/15/2024,5/11/2024,3,29.17,Wartian Herkku,Torikatu 38,Oulu,Finland,90110,Finland
11026,FRANS,4,6/23/2023,7/12/2023,6/24/2023,1,47.09,Franchi S.p.A.,Via Monte Bianco 34,Torino,Italy,10100,Italy
11027,BOTTM,1,8/17/2020,8/30/2020,8/21/2020,1,52.52,Bottom-Dollar Markets,23 Tsawassen Blvd.,Tsawassen,BC,T2F 8M4,Canada
11028,KOENE,2,10/18/2020,10/25/2020,10/18/2020,1,29.59,KÃ¶niglich Essen,Maubelstr. 90,Brandenburg,Germany,14776,Germany
11029,CHOPS,4,5/3/2020,5/30/2020,5/10/2020,1,47.84,Chop-suey Chinese,Hauptstr. 31,Bern,Switzerland,3012,Switzerland
11030,SAVEA,7,6/2/2020,6/29/2020,6/4/2020,2,830.75,Save-a-lot Markets,187 Suffolk Ln.,Boise,ID,83720,USA
11031,SAVEA,6,6/5/2020,6/21/2020,6/5/2020,2,227.22,Save-a-lot Markets,187 Suffolk Ln.,Boise,ID,83720,USA
11032,WHITC,2,5/1/2021,5/31/2021,5/7/2021,3,606.19,White Clover Markets,1029 - 12th Ave. S.,Seattle,WA,98124,USA
11033,RICSU,7,2/26/2021,3/7/2021,3/3/2021,3,84.74,Richter Supermarkt,Starenweg 5,GenÃ¨ve,Switzerland,1204,Switzerland
11034,OLDWO,8,5/31/2024,6/22/2024,6/3/2024,1,40.32,Old World Delicatessen,2743 Bering St.,Anchorage,AK,99508,USA
11035,SUPRD,2,9/21/2024,10/13/2024,9/24/2024,2,0.17,SuprÃªmes dÃ©lices,Boulevard Tirou,Charleroi,Belgium,B-6000,Belgium
11036,DRACD,8,4/7/2020,5/3/2020,4/12/2020,3,149.47,Drachenblut Delikatessen,Walserweg 21,Aachen,Germany,52066,Germany
11037,GODOS,7,10/10/2020,10/24/2020,10/11/2020,1,3.2,Godos Cocina TÃ­pica,C/ Romero,Sevilla,Spain,41101,Spain
11038,SUPRD,1,9/12/2022,10/1/2022,9/13/2022,2,29.59,SuprÃªmes dÃ©lices,Boulevard Tirou,Charleroi,Belgium,B-6000,Belgium
11039,LINOD,1,3/15/2023,3/22/2023,3/16/2023,2,65,LINO-Delicateses,Ave. 5 de Mayo Porlamar,I. de Margarita,Nueva Esparta,4980,Venezuela
11040,GREAL,4,2/13/2024,2/23/2024,2/13/2024,3,18.84,Great Lakes Food Market,2732 Baker Blvd.,Eugene,OR,97403,USA
11041,CHOPS,3,11/9/2022,11/22/2022,11/11/2022,2,48.22,Chop-suey Chinese,Hauptstr. 31,Bern,Switzerland,3012,Switzerland
11042,COMMI,2,8/7/2020,8/29/2020,8/7/2020,1,29.99,ComÃ©rcio Mineiro,Av. dos LusÃ­adas,Sao Paulo,SP,05432-043,Brazil
11043,SPECD,5,5/27/2020,6/23/2020,6/2/2020,2,8.8,SpÃ©cialitÃ©s du monde, rue Lauriston,Paris,France,75016,France
11044,WOLZA,4,9/17/2023,10/15/2023,9/23/2023,1,8.72,Wolski Zajazd,ul. Filtrowa 68,Warszawa,Poland,01-012,Poland
11045,BOTTM,6,10/5/2021,10/20/2021,10/6/2021,2,70.58,Bottom-Dollar Markets,23 Tsawassen Blvd.,Tsawassen,BC,T2F 8M4,Canada
11046,WANDK,8,10/25/2022,11/5/2022,10/26/2022,2,71.64,Die Wandernde Kuh,Adenauerallee 900,Stuttgart,Germany,70563,Germany
11047,EASTC,7,12/2/2022,12/16/2022,12/7/2022,3,46.62,Eastern Connection,35 King George,London,UK,WX3 6FW,UK
11048,BOTTM,7,12/22/2023,1/11/2024,12/27/2023,3,24.12,Bottom-Dollar Markets,23 Tsawassen Blvd.,Tsawassen,BC,T2F 8M4,Canada
11049,GOURL,3,6/20/2021,7/4/2021,6/22/2021,1,8.34,Gourmet Lanchonetes,Av. Brasil,Campinas,SP,04876-786,Brazil
11050,FOLKO,8,12/9/2023,12/27/2023,12/13/2023,2,59.41,Folk och fÃ¤ HB,Ã…kergatan 24,BrÃ¤cke,Sweden,S-844 67,Sweden
11051,LAMAI,7,6/20/2020,7/9/2020,6/23/2020,3,2.79,La maison d'Asie,1 rue Alsace-Lorraine,Toulouse,France,31000,France
11052,HANAR,3,10/21/2020,11/8/2020,10/22/2020,1,67.26,Hanari Carnes,Rua do PaÃ§o,Rio de Janeiro,RJ,05454-876,Brazil
11053,PICCO,2,3/21/2020,4/18/2020,3/27/2020,2,53.05,Piccolo und mehr,Geislweg 14,Salzburg,Austria,5020,Austria
11054,CACTU,8,12/22/2020,1/15/2021,12/28/2020,1,0.33,Cactus Comidas para llevar,Cerrito 333,Buenos Aires,Argentina,1010,Argentina
11055,HILAA,7,11/26/2021,12/24/2021,11/27/2021,2,120.92,HILARION-Abastos,Carrera 22 con Ave. Carlos Soublette #8-35,San CristÃ³bal,TÃ¡chira,5022,Venezuela
11056,EASTC,8,5/28/2023,6/10/2023,5/31/2023,2,278.96,Eastern Connection,35 King George,London,UK,WX3 6FW,UK
11057,NORTS,3,4/17/2024,4/27/2024,4/21/2024,3,4.13,North/South,South House 300 Queensbridge,London,UK,SW7 1RZ,UK
11058,BLAUS,9,7/4/2022,7/26/2022,7/6/2022,3,31.14,Blauer See Delikatessen,Forsterstr. 57,Mannheim,Germany,68306,Germany
11059,RICAR,2,10/26/2020,11/23/2020,10/29/2020,2,85.8,Ricardo Adocicados,Av. Copacabana,Rio de Janeiro,RJ,02389-890,Brazil
11060,FRANS,2,11/16/2024,11/25/2024,11/20/2024,2,10.98,Franchi S.p.A.,Via Monte Bianco 34,Torino,Italy,10100,Italy
11061,GREAL,4,5/7/2022,5/17/2022,5/14/2022,3,14.01,Great Lakes Food Market,2732 Baker Blvd.,Eugene,OR,97403,USA
11062,REGGC,4,10/4/2023,10/17/2023,10/5/2023,2,29.93,Reggiani Caseifici,Strada Provinciale 124,Reggio Emilia,Italy,42100,Italy
11063,HUNGO,3,1/31/2023,2/8/2023,2/1/2023,2,81.73,Hungry Owl All-Night Grocers,8 Johnstown Road,Cork,Co. Cork,NULL,Ireland
11064,SAVEA,1,7/2/2020,7/27/2020,7/8/2020,1,30.09,Save-a-lot Markets,187 Suffolk Ln.,Boise,ID,83720,USA
11065,LILAS,8,10/16/2023,10/31/2023,10/22/2023,1,12.91,LILA-Supermercado,Carrera 52 con Ave. BolÃ­var #65-98 Llano Largo,Barquisimeto,Lara,3508,Venezuela
11066,WHITC,7,7/6/2023,8/1/2023,7/10/2023,2,44.72,White Clover Markets,1029 - 12th Ave. S.,Seattle,WA,98124,USA
11067,DRACD,1,6/18/2023,7/5/2023,6/23/2023,2,7.98,Drachenblut Delikatessen,Walserweg 21,Aachen,Germany,52066,Germany
11068,QUEEN,8,1/6/2020,1/14/2020,1/10/2020,2,81.75,Queen Cozinha,Alameda dos CanÃ rios,Sao Paulo,SP,05487-020,Brazil
11069,TORTU,1,2/15/2022,2/26/2022,2/19/2022,2,15.67,Tortuga Restaurante,Avda. Azteca 123,MÃ©xico D.F.,Mexico,5033,Mexico
11070,LEHMS,2,7/16/2020,8/14/2020,7/17/2020,1,136,Lehmanns Marktstand,Magazinweg 7,Frankfurt a.M.,Germany,60528,Germany
11071,LILAS,1,11/9/2020,12/7/2020,11/16/2020,1,0.93,LILA-Supermercado,Carrera 52 con Ave. BolÃ­var #65-98 Llano Largo,Barquisimeto,Lara,3508,Venezuela
11072,ERNSH,4,10/24/2024,11/10/2024,10/29/2024,2,258.64,Ernst Handel,Kirchgasse 6,Graz,Austria,8010,Austria
11073,PERIC,2,8/7/2022,9/5/2022,8/8/2022,2,24.95,Pericles Comidas clÃ¡sicas,Calle Dr. Jorge Cash 321,MÃ©xico D.F.,Mexico,5033,Mexico
11074,SIMOB,7,3/3/2022,3/28/2022,3/10/2022,2,18.44,Simons bistro,VinbÃ¦ltet 34,Kobenhavn,Denmark,1734,Denmark
11075,RICSU,8,2/18/2023,3/18/2023,2/25/2023,2,6.19,Richter Supermarkt,Starenweg 5,GenÃ¨ve,Switzerland,1204,Switzerland
11076,BONAP,4,10/18/2021,11/12/2021,10/20/2021,2,38.28,Bon app', rue des Bouchers,Marseille,France,13008,France
11077,RATTC,1,2/27/2024,3/17/2024,2/29/2024,2,8.53,Rattlesnake Canyon Grocery,2817 Milton Dr.,Albuquerque,NM,87110,USA
